,reviewId,userName,userImage,content,score,thumbsUpCount,reviewCreatedVersion,at,replyContent,repliedAt
0,ffdc325a-7a79-4808-a437-e8da69ac85e4,jonathan hopkins,https://play-lh.googleusercontent.com/a/ALm5wu2E7U4a4WtOcxaweDbBGJC9EHJPIPXtt3J7I4hE=mo,Lots of fun,5,0,14.53.31.1666707371,10/29/22 22:04,,
1,7ba60870-f356-4237-bed7-3b0966308e75,Andrew Popelka,https://play-lh.googleusercontent.com/a/ALm5wu2vF7BHmgjUI22wge_ew3yCMtsBneWlsJTDgIX4=mo,"Its good, they need to make the bike angel stuff more obvious because it's a great system and I didn't know about it for months",5,0,14.52.3.1665556424,10/23/22 19:19,,
2,6583aef5-d4a7-4b02-a387-5f7442aaec60,Willie Floyd,https://play-lh.googleusercontent.com/a-/ACNPEu9IKugJNysnUDTIG9-cTxrq77wnRn67NbjnthXDQA,Grate bus tracker,5,0,14.52.3.1665556424,10/22/22 14:54,,
3,cfccbea3-797a-4335-93df-ec28529b46a0,Andrew Berlowitz,https://play-lh.googleusercontent.com/a-/ACNPEu_odLn4cyzbIMly4Tj8FnDsIyPJo5CJzTC9yK-p5w,Sha oong aooh,3,0,14.52.3.1665556424,10/22/22 13:44,,
4,d9b43933-6eba-4987-bc16-2afa18b5ffb0,David Slay,https://play-lh.googleusercontent.com/a-/ACNPEu_2X3nadeV72ekBJNSZbjXTExdpo3K1ainFAhTzqA,Fun once you find a working scooter. Had to go to like three places just to find one that worked. And it's a bit expensive,3,0,14.51.3.1664950977,10/18/22 14:57,,
5,e919a383-5565-4e91-98f3-a86ddcc3303f,Timothy Smith,https://play-lh.googleusercontent.com/a-/ACNPEu-1AkEyDVuoHFmCYjFa9AejpKdwIUF2LhE_AflhVQ,"Usage totally unclear. Bought a day pass thinking it covered their equipment, but turns out it ONLY covers classic bikes. Rode around Chicago to cheer my wife during the marathon and was billed over $85 USD for a few trips. Had I known ahead of time I might have taken only classic bikes. Except that would have been tough because they were typically all taken anyway. A total waste.",1,0,14.50.3.1664345885,10/9/22 15:27,,
6,0ff87c74-1041-4ade-a507-0026c9553ef5,Kay,https://play-lh.googleusercontent.com/a-/ACNPEu_S7laC4ZsGT9lbVfLEezR4ZMYnfuLaW7r2IzQq1A,It's very fun riding it!! Perfect for getting to reachable distances in short time.,5,0,14.50.3.1664345885,10/5/22 20:06,,
7,5a739395-9666-483b-855c-a457dac87667,Scott Quellhorst,https://play-lh.googleusercontent.com/a/ALm5wu2ZJtfQWhFsitXcHSA5GmvbYFLG8rdlgBbiqq-T=mo,Massive price hikes,1,0,14.49.3.1663741413,10/1/22 17:06,,
8,d4e61062-84a8-4c3e-9ad3-d5ca2caffbdb,Benjamin Eberhardt,https://play-lh.googleusercontent.com/a-/ACNPEu9XF3RWbpfw6aSzHeo1_lg-WVM6ogXer2SV3rnhn0g,"Great bikes, but the pricing is somewhat inconsistent. Some stations advertise 3 USD per half hour, but I was just billed 9 USD for 45 min, why? Happy to share photo of the sign.",3,0,14.49.3.1663741413,10/1/22 16:53,,
9,4507477c-5314-4be2-9058-a04b7213434f,Pamela Napiwocki,https://play-lh.googleusercontent.com/a/ALm5wu0xzQ1vhGRMJ5FVB1EJQTGtwKyu5sZ9rI-0b7GQ=mo,One bike rented today at vomit on it and many bikes were out of service today.,3,0,14.25.3.1649226219,9/24/22 19:47,,
10,e1b706cc-c82d-474e-ad39-02b4225f5561,Nikolas Gamarra,https://play-lh.googleusercontent.com/a-/ACNPEu_ASEtS8AM51EsENA2xpsZHrOnu5ga5rf6Yh9i1pA,As part of membership you get 3 guest passes. I sent these to a friend with an internal phone encumber and they never got them. Then Divvy support refused to do anything about it.,1,0,14.47.3.1662531816,9/20/22 12:00,,
11,193ce8a8-b340-4bd9-a59d-3da161dae1ab,Shannon Deaton,https://play-lh.googleusercontent.com/a/ALm5wu29sYWGe6jsL4HR9NoAzO0j1QQeLGrswSViThUUYw=mo,App won't load at all,1,0,,9/4/22 18:34,,
12,4b664cba-b2fd-45a3-8cfe-9f1643b361a3,Gustavo Chaves,https://play-lh.googleusercontent.com/a/ALm5wu2OkNggpQv7ilasaVrrwkse9vzzARVhIvhewivP=mo,I enjoy using this bike to ride the trail early in the morning. Bikes are fun. I got a free basic membership through my college but i might sign up for it once this one expires.,4,0,14.44.31.1661469600,8/31/22 7:31,,
13,0337a1e2-df8d-44c7-bac0-f258562d2a77,Knowledge applied is wisdom,https://play-lh.googleusercontent.com/a-/ACNPEu9DozQZAfU3vhnGTSeSsLHY5d6xARE3VONGVUci8CU,Works well but needs 2 allow multiple bike rentals under account,3,0,14.37.3.1656483989,8/29/22 11:30,,
14,9c6590a3-b7b5-455a-9250-e368836b10ad,H√©ctor Melicoff,https://play-lh.googleusercontent.com/a-/ACNPEu-A9Fmh5gMezCvoG-pJ6FGiC2zdZREilpV4L7mseg,"Very good app and service (in Chicago at least). My only complaint is that you can't check times for public transport while on a bike ride. This would be useful to know whether it would be faster to take the train/bus vs keep biking, for example. However, it's not really enough to dock a star so I'm still really satisfied.",5,1,14.44.31.1661469600,8/26/22 19:26,,
15,78f79fed-378d-4673-b247-832750e3408a,Mimi Cogliano,https://play-lh.googleusercontent.com/a-/ACNPEu9TCxOF0LQTAXtoIgQbNETnys9EPy_seUPXO4ohNfU,"Doesn't work well, we ended up wasting a lot of money on this in Chicago. 4 people trying to rent bikes; paying for day passes, app not working, charging some of us to unlock and some not. Finally had to pay at the station (so twice!!) I would suggest rent a bike at a local company instead, for the day",1,1,14.44.3.1660717486,8/24/22 16:52,,
16,4af25e29-8333-4d77-8505-ccc78c689d16,Jay Vakil,https://play-lh.googleusercontent.com/a-/ACNPEu-_Q8Iqdph-8AKCBmxHIllbtZ4OdjA5P0_WWmyH3w,75% of the time either bikes do not work or are unavailable at dock,2,0,14.43.3.1660112458,8/22/22 19:01,,
17,475cd52f-b1b5-4a5b-8e5a-0acb46fa4b23,Dan G,https://play-lh.googleusercontent.com/a-/ACNPEu8T5pG_TnVJEoZAQZQ6TgEY_4ihUIxvDYdlDDjl-g,Way tot pricey,1,0,,8/4/22 13:48,,
18,af3bafb6-9841-48ca-ac38-c4bcfe21c6d1,Ang Lovett,https://play-lh.googleusercontent.com/a-/ACNPEu8FXExo6avF-EVI55f6qLlzUMta3viweALhQz38vQ,Easy to use,5,0,14.40.3.1658298212,8/2/22 8:39,,
19,047652ae-be64-425c-8331-2b4d87456973,Heather Haskins,https://play-lh.googleusercontent.com/a/ALm5wu3kXDveqJFML9Zi_ZJjx0Hx7Q2eJohVmw8fzzNI=mo,"Fun! I download the app and when I click ""join"" it tells me to download the app. That's all it will do. Around and around in a circle. I uninstall and reinstall. Now there's a ""problem"" using my phone number and I'm supposed to contact support. And what, wait on hold with your company for 45 minutes? Lololololol hell no. I need a bike to go someplace, no bc i want to sit around calling customer support all day. I don't have time for this, no thanks",1,1,14.40.3.1658298212,7/31/22 12:33,,
20,5817bd77-8d20-4f7d-875b-b84670d11d55,Joshua Bowersox,https://play-lh.googleusercontent.com/a-/ACNPEu_BHUE2T8Q-1xjjSJFIPdPTT5MC2Jj0uCAIE30o6A,"""This bike is reserved"" ""This bike is unavailable"" ""This bike is locked for maintenance"" I appreciate the rollout of this concept but service wise yikes. I think the idea is great but could use improvement. That being said the ride is nice, the map is convenient, and the interface is easy to use on the app. The bike usage/misuse and general city filth is most of my concern.",2,1,14.40.3.1658298212,7/29/22 21:33,,
21,d4df58dc-8c33-46f0-b27e-ef8283097755,Dan Wessels,https://play-lh.googleusercontent.com/a-/ACNPEu87BLP1SM519YxZAZDdgfocooNWBTgnKRcap9qhKHE,Bike not locking,3,1,14.40.3.1658298212,7/29/22 0:21,,
22,57b49704-e3a7-43b5-a223-a254eb4ece2f,Queen Victorian,https://play-lh.googleusercontent.com/a-/ACNPEu8IeGpdRn9xt5uQz1K9bvWDpzVhq3ewUcMryZIS,Supe slow a full throttle,1,0,14.39.3.1657693563,7/22/22 19:08,,
23,08299caa-71fd-4e6d-b4f9-2725a649b06e,Richard Hafferty,https://play-lh.googleusercontent.com/a-/ACNPEu9eEVnRjVfacCsUbwJ7G-IPGhsnwdL5UK96aydXWA,I tried u bike and it wouldn't unlock from dock and still got charged,2,1,14.39.3.1657693563,7/22/22 12:27,,
24,7ffe0f8f-acc6-40e2-96bd-fb0fdfba458c,Be√∏be,https://play-lh.googleusercontent.com/a-/ACNPEu9xWPvoHF6i-eyC1prKuo6Uamjnq2Z12eJEX9PWLg,"Don't send me on a wild goose chase! Exactly, what happens nearly (8 out of 10) every time nightly! The repeated inaccurate information that you display on the application, categorically incorrect! What happen to the guardian angels program!? Thank you, for nothing. False & empty expectation and implementation.",1,1,14.39.3.1657693563,7/21/22 1:53,,
25,1805164e-0115-4a09-939e-93d0639fd076,josh gemeinhardt,https://play-lh.googleusercontent.com/a-/ACNPEu_kFz6yApjZn2PujqGQCG6NPbQ_2IjMHvrrxMdZTT0,Been on divy since day one. Always been a fan and they continue to improve.,5,0,14.38.3.1657089093,7/16/22 16:18,,
26,a667582f-4434-4a70-b606-b59206bfa290,Maor B,https://play-lh.googleusercontent.com/a/ALm5wu2QpmFT4jw2_vM5CGAyBLOInmDBQq0KUHq8OJH6=mo,"Bad app (and service) Shows bikes as available, but when scanning there are issues like no battery or maintenance. Even worse, sometimes it fails unlocking without providing any explanation.",1,0,14.37.3.1656483989,7/13/22 13:45,,
27,8329dc14-edff-4021-b58d-182aea5bff58,bruce randall,https://play-lh.googleusercontent.com/a/ALm5wu0pZtvZIUqusXVbOXEH8zsoAWUpOlkjdYClVujf=mo,It said I was too far away from the bikes while the map showed my location literally underneath the location info that said what the number of availible bikes were. I ended up needing to use the station after 30+ tries and it telling me I'm too far away to rent the bike,1,0,14.4.3.1636576792,7/10/22 21:52,,
28,587a2c0f-6879-4fa6-bfaa-15e08288620e,John Smith,https://play-lh.googleusercontent.com/a/ALm5wu1fTqfJjohb5C3ezRVl3qau0B-Egvbjllw05-u6=mo,Trash! Lies about how many bikes are available so you visit 6 different stations that are reported as being full only for them all to be empty!,1,0,14.33.3.1654064301,6/28/22 21:20,,
29,b4725052-172c-4774-ad80-bc6f6454cf89,Danielle Stark,https://play-lh.googleusercontent.com/a-/ACNPEu8QT7gOQrmFVdGsOuqjylLXgwkInYpz71D97gKauw,"The app ALMOST ALWAYS tells me a bike is available, when one rarely is. So i arrive at a dock and only a more expensive option, if anything, is available. Divvy needs to fix this problem.",1,0,14.35.3.1655273957,6/25/22 1:40,,
30,2812c42d-95e9-42c0-ae1a-4b23d4e58d91,Steven Huynh,https://play-lh.googleusercontent.com/a-/ACNPEu-RtP9CJrDrTtUkiNmF0SKStZk5pOca2L7zTXLtbg,"Absolutely disappointed in the service. False information about availability of bikes, scooters, and electric bikes when majority are not functioning. And they charge you for using the service even when you have a defective transit to use.",1,1,14.34.3.1654669464,6/19/22 18:35,,
31,399d2f0c-6ae0-4899-9583-5236474c3308,JaimeL,https://play-lh.googleusercontent.com/a/ALm5wu3MT3FoU0LWQ90ZY7AfPPvuub92WHzW1WiHaCdJ=mo,Trying to reset password but sends me back to login screen (logic is broken),1,0,14.34.3.1654669464,6/18/22 0:50,,
32,1f500ef7-11c3-425d-9ab6-69361ff18c71,Raj Sran,https://play-lh.googleusercontent.com/a-/ACNPEu9um2o6Q5_d0COOYXcW_DU-rN7rz6AuA-vVUE7UGFk,"Although the batter operatedscooter is a fun ride, but the app and the billing is ridiculous. They let you buy a day pass for $15 with free ride time but the you end up paying a little over $100.00 and then they have no explanation.",1,0,14.34.3.1654669464,6/17/22 18:00,,
33,f015f409-c560-4070-95e9-1733faca734a,Juan Sebastian Arias,https://play-lh.googleusercontent.com/a-/ACNPEu8KNrc0VQ3iqPDk05r02OCKIPeraq9zTCwgZFXCyRA,Rarely accurate; misleading and inaccurate in showing station capacity or bike availability; membership price changes make me question what value the system has. Really disappointed.,1,0,14.34.3.1654669464,6/16/22 19:00,,
34,e1914959-a552-4288-ab0c-d45c319648f9,Dyvon Robinson,https://play-lh.googleusercontent.com/a/ALm5wu3YvKE5Xl4Uv3mn14YnTBwdAsimRCf3ocIu-olP=mo,I couldn't end my ride they overcharged me for a ride I didn't do 110$,1,0,,6/5/22 21:43,,
35,73b5a493-8ce6-451a-a05a-523e38bddbac,David Riesmeyer,https://play-lh.googleusercontent.com/a/ALm5wu1mebiFe6N7UGeob4AbsxcxhmcXg8YHHbWxLa7-=mo,Boths time scooter didnt work,1,0,14.31.3.1652854853,6/5/22 15:15,,
36,18027138-155b-4501-b82a-64ad3992d158,Brandon Wood,https://play-lh.googleusercontent.com/a-/ACNPEu_7racTeLqem3PprSaHlExECIl3wUG9PgWVxSNjHT8,Reset password doesn't work. Just sends me back to the login page,1,0,14.32.3.1653459719,6/4/22 14:36,,
37,a5ab49be-f919-4b96-ad19-cff525ff49d3,Ben Milford,https://play-lh.googleusercontent.com/a-/ACNPEu9XXfuyk33RKKMASeWhPqxS5WYhjExu6XMHlHPYFtM,It now costs way too much for me to use.,1,0,14.31.3.1652854853,6/2/22 22:22,,
38,e6351f72-0f20-4f89-b16c-802d058e04ae,Joshua Brown,https://play-lh.googleusercontent.com/a-/ACNPEu8y-PLwxvnaaYAocJCVuCndwY33zHwtOfRFUs7TYQ,There is no problem with the app. The only problem I ever had was if the battery is dead or a bike needs to be repaired but that not on the app,5,0,14.31.3.1652854853,5/30/22 17:56,,
39,6a25104b-2b64-4eac-add9-47ac9217b63c,Rabble Nesbit,https://play-lh.googleusercontent.com/a/ALm5wu1MRg4j9EQxiBAuOu0j1bf8aGNQeXIDxFv_u6Ux=mo,They put a hold on your account for along time even if your bank has paid them I might not never use them for that reason,1,0,14.31.3.1652854853,5/26/22 11:51,,
40,ff026caf-b070-4e43-a438-532159a0a47b,Stefan Knoop,https://play-lh.googleusercontent.com/a-/ACNPEu_1RTuLcFFpmnl2oIGtGK9mInkCEG1TEjlQq3ABaBI,Good way to move through the city,5,0,14.30.3.1652249994,5/25/22 8:13,,
41,f5fd3622-4c36-4357-b6db-136a4ea483cc,John Clark,https://play-lh.googleusercontent.com/a/ALm5wu1JowUj92ZiOl6KkbYIJ2G99P9ULW0kuP40AA7s=mo,"Very easy to use, very simple.",5,0,14.28.3.1651070382,5/24/22 21:04,,
42,7af1eae8-5a88-4cc4-bf29-7c0a8eb9584f,Steven Dan,https://play-lh.googleusercontent.com/a/ALm5wu0kN1kU-zIJ70XWA_Y1p-sORORBko4s18BaSfOa=mo,Be careful 1st time when you rent it's cheap but 2nd time I got charged $80 for 2 hours on e bikes,1,1,14.30.3.1652249994,5/23/22 14:10,,
43,888dc36c-cb2a-4155-aef9-7276fc9fad88,H N,https://play-lh.googleusercontent.com/a/ALm5wu3zb_KPl8aQV2IRey_pTdQn7VaYKjzOtltnDWeP9xE=mo,Crashes when you select scooters,1,0,14.30.3.1652249994,5/19/22 13:20,,
44,cc8e3845-0903-49f0-bb25-cb5150a8b697,Kevin Morrison,https://play-lh.googleusercontent.com/a/ALm5wu38Y9_XqLPsFIIv81mRkQcfT-5UgXFYWVeAuaSz=mo,Escooters shut off without warning,1,0,14.29.3.1651645178,5/14/22 15:18,,
45,cf06e1ec-f9f9-4a88-84c0-f27a9d168186,GrubieDon'tPlay,https://play-lh.googleusercontent.com/a-/ACNPEu855IGLiTGPUjd38ebz8rV5k667nZgSwrv7MpmpkA,I just paid $13 for a ride I paid $4 for last week. That kind of price increase is not justifiable and I am uninstalling the app and saving up for my own bike.,1,0,13.84.3.1624432561,5/13/22 19:29,,
46,a9bd60d4-eaa5-4da9-93d9-9c4766825675,Kellen O'Connor,https://play-lh.googleusercontent.com/a-/ACNPEu9qBIK230ZunP4ApIilgMi20aMcXF7ADXc2jiRlUo8,After about a 10/15 minute break (sitting with the bikes) it auto-stopped the ride and charged extra for not stopping the ride at a parking station. No option to extend the ride that I could see when I wasn't done with the bike. Super non-obvious how to finish the ride for a first time user. Expensive to use an E-bike. First time setup was pretty stupid - it made me scan the bike 4 times before it finally let me pay. Don't let people scan until everything is ready!,2,0,14.28.3.1651070382,5/10/22 18:48,,
47,52ad8fc0-e7bc-4186-a234-bcd385a3abdd,Ian Monroe,https://play-lh.googleusercontent.com/a-/ACNPEu8qN3kMe8Nq5GXCX_1a-5w2RTzg-psp64ctBqbG1cM,"Lyft and Divvy did a rug pull, increased the prices for people who already had an active membership, instead of grandfathering them in on the old terms after paying $100+ annually. They are not reliable and terms can change at any time. Do not use for commute. Not low-income friendly.",2,4,14.28.3.1651070382,5/10/22 16:15,,
48,32fcb7bd-8eb2-4cea-a5ca-edafd892e3a7,Lisabeth Dixon,https://play-lh.googleusercontent.com/a/ALm5wu1ojw9AA42dFryf0q3bFh7ku1D7_znzWA-UC1Xk=mo,LisabethDixon Save,5,0,,5/10/22 13:02,,
49,75e4cf65-ca79-40c4-93c7-e03dd79f5007,Jeremy Helsel,https://play-lh.googleusercontent.com/a-/ACNPEu9oM0DBQjyQVK_zLToWdEQMXar8TZBuyoRqEpqi0A,"Without any notice, they entirely changed their price structure in a way that's harmful to their members living in certain areas. I do not recommend Divvy after this experience and will not renew my membership.",1,3,14.29.3.1651645178,5/10/22 12:00,,
50,44aa8a4d-37fb-494e-836c-d886af5307ff,Kyrie,https://play-lh.googleusercontent.com/a-/ACNPEu_CQeFgk7s8gsgFxREwudeK1K_2ymUcni8BC_BYoQ,"A great, cheap way to move through Chicago. With this + the CTA, you hardly ever need a car.",5,0,14.26.3.1649830897,4/27/22 20:39,,
51,cd1909f9-e756-4633-97f7-235952671663,Thomas Main,https://play-lh.googleusercontent.com/a-/ACNPEu-fa5Y09flF7btEkpFFefZoZ5pSzMD1uOuPNJaMFw,Lots of issues using my annual membership,3,1,14.24.3.1648621579,4/16/22 20:09,,
52,91d6472a-bba3-46e4-834c-1e78c0b4dc3c,Alejandra Garc√≠a Isaza,https://play-lh.googleusercontent.com/a-/ACNPEu_sixvLB9Y4TDuUAS2DGt59uT0hVILnupBb4uFNrg,"Terrible experience!! It was not clear that you are charged not only the $15 all day fee, plus each electric bike ride on top. I am so mad that I spent over $60 today in a 2 hour bike ride!! Never using this service again!",1,4,14.21.3.1646846661,3/17/22 19:54,,
53,496540f2-5033-41c4-a259-7c3377a48666,F P,https://play-lh.googleusercontent.com/a-/ACNPEu9I7KjTNtRZKrMhTZDCCDUVzVZDMbqsRgOD1iXLfJc,Nice ride!!!,5,0,14.20.3.1646208869,3/17/22 15:36,,
54,a233b392-4860-4ede-ae43-73bd002aa3c2,Daniel Hrynko,https://play-lh.googleusercontent.com/a/ALm5wu1gUH2Xo9bFIbCXvu4YGc2Zmou9guVFYWBqp1XP=mo,Really bad app.,1,0,13.91.3.1628666600,3/10/22 15:54,,
55,d21f2402-b3ea-487e-a564-06346fb0138e,Anthony Shy,https://play-lh.googleusercontent.com/a-/ACNPEu-y9E3650brlCJ2LjTfDkRMqKoX2WifJ2HE4xNgXg,Works incredbly well. Customer service prompt and courteous.,4,0,14.16.3.1643847805,2/13/22 21:58,,
56,054c3762-cf39-4208-9187-742962d2718a,Joie Green,https://play-lh.googleusercontent.com/a/ALm5wu1KNMJyHZ8zLFRGHNQjix9WzzHxySpXcooe81Mk=mo,Dunno why it keeps telling me there is something wrong with my card's zip code. Kinda ridiculous and almost made me late for work.,1,0,14.16.3.1643847805,2/12/22 11:49,,
57,aab00487-c44d-4604-b0be-3035c7e8a5b5,Cetus Moses,https://play-lh.googleusercontent.com/a-/ACNPEu8zjqajNRq1FryxH_T4NCFuRU6QjZv6B5Nr_YDNdQ,Smooth rides on these bikes thought it was going be hard on the pattels but it wasn't . I would ride them more if they gave better prices . Delivery would be much easier for ppls tht use them bike rides also enjoyed myself summer hurry up got stomach to get down lol üö¥üö¥üö¥ faster,4,1,,2/10/22 20:38,,
58,1eb76612-5d24-49e4-af46-cdbc4a5398b8,Cristian Orozoco,https://play-lh.googleusercontent.com/a-/ACNPEu-psnQwgKQOVgpvb8zviqSuz_Llo0vmzkPMZCacdys,My experience was bad. Real bad. I rode the bike for 15 minutes and was trying to lock the bike but there was no dock or chain to lock it. I went to 3 stations and it was the same. Don't use this bikes. It's 40 degrees outside and i was looking for stations. I called customer service and they said drive another 30 minutes to find a good station. Really???? Never using this again.,1,6,14.4.3.1636576792,12/17/21 1:50,,
59,9b011c13-1769-4e49-9aad-da3ae8566bda,Mal Uminse,https://play-lh.googleusercontent.com/a-/ACNPEu-z1UAP970RKfYcwy1PJCgQOoOQAfkN9k81Y0Im0A,WOW what a scam. Have to pay for 30 min when I need it for 5. AND must pay $2 for parking!!! See why scooters aren't here?? Chicago named #1 most corrupt. Here in your face.,1,0,14.8.3.1638951475,12/16/21 7:21,,
60,0d3677b5-21d5-4970-ab0a-f37549e1140d,Tom,https://play-lh.googleusercontent.com/a-/ACNPEu82_YNxu1GbzZaNn93Ll4YKOwn9DvxqFqeh18lyFg,"Awesome concept, even better user experience.",5,0,,12/4/21 10:25,,
61,4ceb7367-f8c1-44e3-844a-f00d739ba74d,Eric Mintzer,https://play-lh.googleusercontent.com/a-/ACNPEu8dgdByuBhx22vuJLa3H1vyz-tH6M7Lc3DP9i1OQQ,"I hate how it asks you to rate your last bike ride before allowing you to go on another. Chill out Lyft, if you want to make the service better just make sure there are bikes available. Stations are too small and are often overfilled with electric bikes.",2,7,14.0.3.1634109656,10/25/21 15:29,,
62,dae69e98-69ba-4a0c-93d4-601b632472da,Joe Medina,https://play-lh.googleusercontent.com/a-/ACNPEu8SqNUi0mNaS7cQKnDKh0xtQZea_CB9eSL7n8dMPQ,"I was charged twice a 25 dollar parking violation fee, when the app designated my area waived for parking fees. I left the bike like I find them when searching throughout the city for one. I will no longer be using divy or lift. If they are in such a deficit, not to mention lack of morality, that they have turned to stealing from their customers. Very disappointed Very unhappy will be passing this information along to as many people as possible, I will also keep my eye out for class action suits",1,10,13.93.3.1629875955,10/10/21 15:43,,
63,df971957-2f95-48bd-99df-37d7acb34dcc,‚Ä¢ ximena ‚Ä¢,https://play-lh.googleusercontent.com/a-/ACNPEu_8D2thbCWahengEF_hKvouJ8M_VriqX0qfu-kfcg,Steals money. No refunds,1,0,,10/3/21 0:35,,
64,cfc65511-7ba3-4e2e-9c11-d993076f64ef,Brandon Thomas,https://play-lh.googleusercontent.com/a/ALm5wu36Wn5g_Rt3VQ6mUTCn6fhu0wjPeWLXuzTSZCmt=mo,"Divvy is bad. The bikes are low end heaps of trash. There payment system is confusing and there is plenty of hidden language. With what you pay, just take the bus. Its cheaper and gets you where you going faster.",1,6,13.95.3.1631085097,9/16/21 18:23,,
65,3c28ba79-58a4-45e6-be96-41129dbb3e9c,Dan Valentine,https://play-lh.googleusercontent.com/a/ALm5wu3QZgF07b6cPdftJQN_j5NPCXYo8uezEbftVMm5=mo,Wonderful app. It's too bad they aren't very good about keeping the bikes working and available.,5,0,13.93.3.1629875955,9/9/21 12:30,,
66,9952725a-b2bb-409f-a2bf-e43f2f5c86e6,Paavan Bhavsar,https://play-lh.googleusercontent.com/a-/ACNPEu-BHoNoZTqshSLQoKv5YflK2tLENjlhu06Bmnp3DQ,"App did not work, ended up using the kiosk instead. Can't get a day pass through the app. Saw several groups of people at the same dock struggling to get the app to work. Really hard to check dock availability because it always wants to show you docks near yourself rather than where you're going, map constantly zooms in and out, so annoying.",1,9,13.93.3.1629875955,9/4/21 20:16,,
67,db088938-15eb-4d3f-8665-081a3a671c69,Andrew Zhang,https://play-lh.googleusercontent.com/a-/ACNPEu8rpshsdmokuTXC-i9fh7M8k4vkUoZSNdVTBH56Bw,The UI is buggy to the point of being unusable.,1,2,13.93.3.1629875955,9/2/21 2:56,,
68,1cd634b5-1f8d-4de8-ba2b-dbfbbed5ab22,Antonio Floyd,https://play-lh.googleusercontent.com/a/ALm5wu0olqv4nXgZK39TAyRmW-jPBFnGVZ9tFaGidEBE=mo,Worst case of customer service I've ever experienced. Bike was stolen from the beach while on a date and I was charged for a non-returned bike and over 24hrs for a rental that I only used for 35 minutes. To make things worse they used an unauthorized method of securing the funds through my PayPal account which an investigation will be launched into. Will no longer be using Lyft as a whole due to bad representation.,1,0,,8/25/21 13:17,,
69,b779443f-f7c5-44f9-83e3-435a663ae701,Alexander Rodriguez,https://play-lh.googleusercontent.com/a/ALm5wu0YZNmuOxAfoPtsG7zCjgfxVil4ORzklkdfSE--=mo,I get charged for parking fees even when i follow all the rules.,3,8,13.90.3.1628061755,8/18/21 19:33,,
70,0e4af195-b791-4691-bb54-3ca8a140fc70,Justin Abraham,https://play-lh.googleusercontent.com/a/ALm5wu22MG4jEtjGpv4w3we_VZEmfzDQBd--OCC6JGL9=mo,They keep charging me for free e-bike rides in waiver zones. Then customer service will not reimburse me fully for those charged. Already screwed out of $20.,1,1,13.91.3.1628666600,8/18/21 12:59,,
71,83c1dde3-8487-4d32-8ae3-fb197b40e828,Ridvan Cekmez,https://play-lh.googleusercontent.com/a/ALm5wu2oGgCVJlchUZdQ3tT2y_OJs5Y59ZHDpVoYd9w=mo,They charged me $25 for no reason! Also I rented $15 24hours one. But I couldn't get it second time I drop the bike. No information at the app neither stations. Scamming people with no service.,1,2,13.90.3.1628061755,8/15/21 13:27,,
72,48e0d126-8056-40cd-b3e1-e0854beaf81d,Tony Cole,https://play-lh.googleusercontent.com/a-/ACNPEu9pulVOXptmKwciMYk34sJmxYmqHdJ7lclVMGWTcw,Terrible,1,0,13.35.3.1594815689,8/7/21 19:36,,
73,6b216619-1b1d-422f-9b92-21f74a7e2683,Chris Ramsey,https://play-lh.googleusercontent.com/a-/ACNPEu88NpoOzRYbTeGAPS18HpRkPIHIWYE7zoPwSs2BX_0,I hate divvy for charging me $42 for a day instead of $15 for the day pass. Dont use QR scammer. I will throw one of their bikes in the lake. We won't be even.,1,0,13.48.3.1602659738,8/6/21 20:32,,
74,d81f946a-75c4-46fc-a5ce-121a19a5c2df,Jimmy Brickley,https://play-lh.googleusercontent.com/a-/ACNPEu959hAbIqt8X_-ZDsbRzeiuJs0ZsdJzKwRvD_-GQ2Q,Trash app. Trash experience.,1,0,13.89.3.1627456963,8/2/21 18:02,,
75,8e6b1ef2-44c1-431d-ae04-6a738efab633,Dre Kemp,https://play-lh.googleusercontent.com/a-/ACNPEu_JUZBnZpmJS_IaW-21FOcEAHFj9-05JMq3T0Yl-g,"Docks don't work, customer service is absolutely trash as well. Also it's hard riding with limited stations just for the docks to probably not work anyway.",1,3,13.84.3.1624432561,7/9/21 8:17,,
76,fa7ef81c-1232-4e36-a140-49d870b73517,Luke D,https://play-lh.googleusercontent.com/a-/ACNPEu-aatx_75ycVGpwBWmchRPwD8lbk7BM83-BSrp6eg,"Way too tight of a GPS restriction on bike rentals. GPS in Chicago is really inaccurate, I have been forced to pay for a divvy at the station because the App does not allow me to buy one for being ""too far away"".",2,5,13.84.3.1624432561,7/3/21 19:40,,
77,64a7be6c-acdb-4f42-812e-69175f31312d,Alejandro Moncayo,https://play-lh.googleusercontent.com/a-/ACNPEu8sL7eo2waZanPWA2ivWGASOAAsxuYuQWnsfGebKA,"If you look for something with no com0lications, fast and worth what you pay this might not be the thing for you, the customer support will tell you, I'm sorry idk how to fix your problem but reinstall the app to see if it works every time I call about a problem that appeared from nowhere, 0% recommended if you are looking for something useful and handy.",1,6,13.83.3.1623827956,6/25/21 0:47,,
78,269914d5-a3d8-45f6-9cec-cc80f64f0a59,Pinklon Thomas,https://play-lh.googleusercontent.com/a-/ACNPEu8ewpdgP_dUjmSYr3fWsVSew8J3GqCFTYzj24KwDA,It's cool if you need to grab a bike for a minute. It's just about the same price as Uber when I use it. Over priced.,3,3,13.79.3.1621408905,6/2/21 16:21,,
79,a7c839b1-4f0d-47d5-a9c0-7cfceb2d0171,larry Walker,https://play-lh.googleusercontent.com/a/ALm5wu1DdyNRuMAlYNGkqvdaQEhaeiPa8e6VWajEZ4CI=mo,Calendar for entering your age lacks proper control for manual entry apparently are aware of the problem( the message correct in the end help bubble) but no Timely response,1,0,,5/24/21 13:31,,
80,745fef65-39b8-4b0d-8846-d1cc11e3fcb7,susan mishel,https://play-lh.googleusercontent.com/a/ALm5wu0-Mb72KrSHi5AUNhwbRsSc0YQxP5jMArGlWZNb=mo,Having problems. Frustrated.,1,0,13.77.3.1620198917,5/14/21 21:35,,
81,6d9c0f99-b5e7-4ee3-b340-50cd5ffd3959,Brian Miller,https://play-lh.googleusercontent.com/a-/ACNPEu-14rx-EENJMsT34WV91WqBU1zgVa6H6Z5adnKbcw,"App updates have improved the experience a lot. It would be nice if you could purchase multiple rides from the same account at once, which is what keeps me from giving this the full 5 stars.",4,4,13.76.3.1619594208,5/5/21 16:59,,
82,37caf5f6-1634-4dfd-9335-6685b63cb60c,Juan Landi,https://play-lh.googleusercontent.com/a/ALm5wu3Di96MqE6dN6rfZwXmhWQNbbo-x5d-5DDnXJhi=mo,"Extremely good customer service, there were some issues here and there but you can't expect everything to be perfect! Quick question though, the new Bike Angle program showed up, but it seems that it's not showing up in the app for android users even when we sing up :(",5,2,13.76.3.1619594208,5/4/21 2:39,,
83,cdbc331d-786c-46f2-ae23-9f32738fe232,MSP 638,https://play-lh.googleusercontent.com/a-/ACNPEu_r8-pgq3uZhR_dul4ICUZ_1wWGXVj9QVlp1HD5jg,This is a scam almost $4.00 to ride a bike for 30 minutes ? And $15.00 for a day pass ? I rather buy my own bike this is another excuse of the city to get more money from the people no good,1,0,,4/7/21 21:41,,
84,08543f50-3108-4d3e-bac1-467dbb0afaac,Justin Walker,https://play-lh.googleusercontent.com/a/ALm5wu34UATwKrE9Qplu52HWjnt3Ae8JsRfbFvUVl8td=mo,Currently unusable. It crashes every time I try to open it,1,8,13.69.3.1615363920,3/20/21 19:05,,
85,020af79f-55e7-4943-b44c-e7b003d709c3,Joe Henson,https://play-lh.googleusercontent.com/a-/ACNPEu-YgMowl26Yv9ZMh3K5Phmjn00s5mlQo6gTN9H6OcE,"I've had no issues with this app, fortunately. I was just able to log in to my account and rent a bike, easy peasy. It's not the cleanest app by any means, but it works",4,6,13.62.3.1611131123,1/29/21 17:55,,
86,bf45e190-7a1a-484d-9323-43d1f426988b,Noah Matthew,https://play-lh.googleusercontent.com/a-/ACNPEu-3lVU1rT9OT37fKKzF6KtA24OsCIxt-Zj56U6XgQ,Great app!,5,0,13.52.3.1605082895,11/20/20 13:53,,
87,90179962-0d16-4402-af4b-1a9cad2cdacb,Duncan Smith,https://play-lh.googleusercontent.com/a/ALm5wu3mhQr63UHFbq96VM6CM_lvU5nD4o3RUZ7agzVn=mo,Wont let my camera unlock a bike please help,1,0,13.49.3.1603264313,11/3/20 18:42,,
88,9a555834-20a4-4e30-9366-08f4eb168c3e,Nicholas Ridder,https://play-lh.googleusercontent.com/a-/ACNPEu907uTr09wRWpckv28AUTx-k4Hdck-J8qlYMm-Mng,Need more sharing apps,4,0,12.20.0,10/26/20 14:07,,
89,8ba4e5e7-536e-446d-9506-e2616ca79690,Peng Ding,https://play-lh.googleusercontent.com/a-/ACNPEu8ZiNy2gV6PhSHIIhq3q3qJ80DUenKfF_MpfHdj,It can't get access to camera despite all permissions including my contacts have been granted. Customer service is indifferent to help with the software issue by simply asking me to buy another their bar code key. I'm annoyed.,1,7,13.47.3.1602073291,10/20/20 17:04,,
90,e7f8e982-d798-4e90-a699-fc8729f444a9,Alex Cabrera,https://play-lh.googleusercontent.com/a-/ACNPEu9eO4cceKisJBDO9PefG-mDtPvv-tzz5Z-TtMruUAA,The app didn't send a new password when I requested it twice. I checked spam folders as well the machine was already faulty and gave me a bad code. Pretty aggravating just standing there i wanted to enjoy a nice bike ride,1,3,13.47.3.1602073291,10/14/20 14:38,"Sorry to learn you are having issues. If you already have an account, you should not need to enter a password, you can login just with your phone number. If you are still experiencing this issue can you please reach out here https://help.divvybikes.com/ with more details so we can get you unblocked. Thanks",10/14/20 15:40
91,5859b6f0-8327-4d1f-8b02-1781be858ade,my face,https://play-lh.googleusercontent.com/a/ALm5wu2aM_aFUrSINf1RscEzrAeUAnBQvYzPjfjE7WLl=mo,Terrible electric bikes you still have to pedal and the seats hurt butt and bikes are very heavy,1,0,,9/13/20 22:33,,
92,a39d8eb1-9602-4254-9cd4-94cbe8babce7,Rafael B,https://play-lh.googleusercontent.com/a-/ACNPEu_2m9LqXSwmsU2NG7DL5qv8ZZzwjk6NYsYW82PgPJA,Pricing is so confusing. I've been charged $15 for a Day Pass and still getting charged for each individual ride,1,0,13.42.3.1599243393,9/13/20 16:14,,
93,83ab6ef9-8bf0-4925-b11e-7dde3f0f1fcf,Luis Zarco,https://play-lh.googleusercontent.com/a-/ACNPEu_gk9lr1Bmg0gnWDCqtsKVaLEH7SfLC9gykebDA2d8,Active membership and I can't unlock bikes. Tried multiple bikes and multiple stations and nothing. Fix it.,1,3,13.40.3.1597840122,8/29/20 22:04,,
94,110a23a3-88c9-4c0c-af99-97601ee9cccb,Eddie Capluto,https://play-lh.googleusercontent.com/a-/ACNPEu-T9fjgLudS7Cezn29yXKDRI1eM0c-TAHy27UdW2w,"Yes i recommend Divvy app, its easy reliable, dependable easy access get's you home faster than most city transportation, and you can sanitize it yourself during this COVID 19 Pandimic, plus it put's you in your own zone, the lake front bike trail is peaceful, full of smiles and good mornings, i feel like everyone can use a breath of fresh air, but you can't forget your mask, it's only right that you respect other's health no matter how hot it get's, just take your breaths when your six feet away from someone, but anyway's i want to thank the worker's who actually do the hard work after the the falls from other's so thank you to the staff of Divvy for all the hard work that they put over the years, also i want to thank the park worker's for keeping the parks safe and clean, also i want to show gratitutde to the food truck's worker's for the good smells and food, just because we can't have the taste of Chicago does'nt mean it good food is not out there.",5,6,13.37.3.1596025670,8/11/20 4:36,,
95,456dec49-b603-4247-a9c8-4f329e0c2f43,CheapSushi,https://play-lh.googleusercontent.com/a-/ACNPEu9QV4qjUtvvZs3KiEq-YyXNyaGpnKUW-HmcBhu7kLw,"This is the worst damn app I have ever used. Even after doing everything, making an account, signing in, etc, it only shows my profile. The entire thing constantly says ""Get the app"" when I AM IN THE APP!!! I'm using the damn app. I have the damn app opened but it's not doing anything useful. When you sign up you have to go through two sections just to get where I am now in the app. There's not enough room to tell you about how dragged out the sign up is.",1,11,13.37.3.1596025670,8/8/20 17:38,,
96,580a81c2-68b2-4ace-90cb-5041a068233b,alex,https://play-lh.googleusercontent.com/a/ALm5wu1EnA0d6rC25pUPguDJ-TrQByf5pnCUTN8iAHkU=mo,Where did plan a ride go,1,0,13.35.3.1594815689,7/26/20 15:33,,
97,9c288fa1-a398-4c91-b58f-629f42014969,Mike Stewart,https://play-lh.googleusercontent.com/a-/ACNPEu__5iiRMxpPlYsVs2WpmSfksZf5tBbtVzrc_Cus3g,"Aweful! 2 seprate rides I was over charged. 1st time $5 & the bike never released. 2nd time charged $58 for a $3 30min ride, the bike never lock even tho it read greenlight. The reversal took 2 weeks! Never again!",1,0,,7/16/20 5:20,,
98,5765fd91-17e3-4b5a-9ad1-023cb4f9d7d7,"Joe Gildein, Jr.",https://play-lh.googleusercontent.com/a/ALm5wu1nwGGX372H5fJ1xGX9pvFw9ye5m9gPcRFxeLMr=mo,Your app blows nothing works. Standing here right now ready to lose my mind,1,0,13.32.3.1593001537,7/13/20 14:15,"Hi Joe, very sorry to hear you are having a bad experience with our app. Would you mind contacting us here https://help.divvybikes.com/hc/en-us so we can figure out what is not working and try to fix it? Thanks",7/13/20 17:36
99,dbf51ffa-07f5-4500-bf83-41a69bf6c87f,Eric,https://play-lh.googleusercontent.com/a-/ACNPEu_n_-vk1kCvbdcY_wQImKogNghqip50U_i3FyqUIw,"First one star review I've EVER given. Their app is completely broken, my credit card was charged multiple times and had to call customer service multiple times just to eventually get a full refund due to them taking MULTIPLE hours of my time to sort my issue out. I will not ever be using anything Lyft related ever again.",1,8,13.31.3.1592397918,6/28/20 17:30,,
100,59019d52-52a1-475f-b899-17505eed5aee,Wendell Truax,https://play-lh.googleusercontent.com/a/ALm5wu1AjIKoTDoeaUCxr5KDIXW_PR_5SSMYG0C5RIE1idw=mo,"After the update I can't even open the app anymore, just tried to verify my phone number but gets stuck in a loop where it throws a failure to load error. Paid for the full year and I won't be doing it again if this is not fixed ANYONE STILL READING THE LYFT APP WORKS AS A WORKAROUND",1,1,13.30.3.1591792584,6/16/20 22:11,"Hi Wendell. Thanks for reaching out. We are working on a fix for this issue. In the meantime, if you have a VPN or ad-blocker active, you can turn them off, login and turn them back on again and you should be able to rent bikes with the app.",6/18/20 10:11
101,a1fac4c0-3e14-4258-9512-79dba657e710,Stefan Milosevic,https://play-lh.googleusercontent.com/a-/ACNPEu9OdbtZiBBbBujCqg3ICYnHroDsnz_yidORpKspNmo,Awful and doesn't work.,1,0,13.30.3.1591792584,6/16/20 20:43,Hi Stefan. We apologize if you are experiencing issues with the app. Can you please reach out to our agents through our help center (https://help.divvybikes.com/) and tell us more about the issues you are experiencing? Thanks.,6/18/20 10:12
102,a3d18881-4a71-41d2-9dd1-2b33ac7f12ab,Jimmy Kudo,https://play-lh.googleusercontent.com/a/ALm5wu3o6bAUcy8ql9nQtsrU48ea1EGJ5I6-iDDkXlLe=mo,"This app is basically useless. Yes, it does at least show me where the divvy stations are. It does not, however take any of my payment options. It does not accept my paypal and says that ALL of my credit card information is invalid. This basically makes the scan feature useless because I cant pay for the bikes. Hope this gets fixed soon.",1,2,,6/5/20 15:36,Hi Jimmy. We apologize if you are experiencing issues with the app. Can you please reach out to our agents through our help center (https://help.divvybikes.com/) and tell us more about the issue you are experiencing so we can follow up and help you fix it? Thanks.,6/18/20 10:13
103,edb46b90-5c3a-467d-8ac8-b1e3cd1a065a,Kenny Kirkendall,https://play-lh.googleusercontent.com/a/ALm5wu0vpKXzehcTZcf6-FKUe45yx1IxBa9Z817o677p=mo,"The app doesn't record any of my trips. Also, if I want to scan a bike to unlock it, I have to enter my DOB, but the interface is only a swipe calendar. In order enter my birthday, I would have to swipe through over 700 months of calendars to get back to September of 1959. That's just plain stupid.",2,6,13.27.3.1590118864,5/30/20 17:34,"Hi Kenny. We heard your feedback and we are going to make date entering simpler. In the meantime, you can always tap on the year in the top bar and it will allow you to go to a specific year directly. About the trips not being recorded, this is not expected, please reach out at app@divvybikes.com so we can help you fix that. Thanks.",6/1/20 13:47
104,244ed8ba-1fbe-429b-a13c-fd758e2b4a9e,Alfredo Orellana,https://play-lh.googleusercontent.com/a-/ACNPEu-lPU2fPJAGYJO2WA5a8wS2M9uEpq5t7RZqjlE-iw,It's easy to use,5,0,,5/23/20 2:11,,
105,11990d59-fdc1-4555-93e6-ccf4a83454a5,A Google user,https://play-lh.googleusercontent.com/EGemoI2NTXmTsBVtJqk8jxF9rh8ApRWfsIMQSt2uE4OcpQqbFu7f7NbTK05lx80nuSijCz7sc3a277R67g,"Using a Pixel 3 XL with new installation. App is stuck in setup screens. ""Failed to load Tap to retry"" App is completely unusable. Attempted killing app, resetting app data, and reinstalling.",1,4,13.21.3.1586350696,4/19/20 23:39,"Hi, we apologize for any issue you might be having! Could you send details and screenshots of what you are experiencing to our customer support at https://help.divvybikes.com? We'll get you up and running.",4/20/20 17:54
106,47d174cc-6c5f-445e-8b3c-e0c8b8329465,A Google user,https://play-lh.googleusercontent.com/EGemoI2NTXmTsBVtJqk8jxF9rh8ApRWfsIMQSt2uE4OcpQqbFu7f7NbTK05lx80nuSijCz7sc3a277R67g,So the app is prettier now... great. Hopefully all the features that Lyft removed are added back with some relative speed.,3,1,13.21.3.1586350696,4/14/20 0:44,,
107,282eaad1-9e04-4447-a90b-8cfc437c13fb,A Google user,https://play-lh.googleusercontent.com/EGemoI2NTXmTsBVtJqk8jxF9rh8ApRWfsIMQSt2uE4OcpQqbFu7f7NbTK05lx80nuSijCz7sc3a277R67g,The app is good but the verification process for the new app (transfer to Lyft) is tedious.,4,2,13.20.3.1585755551,4/10/20 18:11,,
108,b5e96a6d-1dcc-4a80-9cda-e7d64af574cd,A Google user,https://play-lh.googleusercontent.com/EGemoI2NTXmTsBVtJqk8jxF9rh8ApRWfsIMQSt2uE4OcpQqbFu7f7NbTK05lx80nuSijCz7sc3a277R67g,New app update doesn't track mileage. Big bummer üëéüèΩ,2,0,13.20.3.1585755551,4/7/20 19:35,Hi Natalie. We fixed how we are recording distance and your data should be showing up correctly now!,6/1/20 13:48
109,f75f23d9-8340-4cec-893e-b2c56bf81466,A Google user,https://play-lh.googleusercontent.com/EGemoI2NTXmTsBVtJqk8jxF9rh8ApRWfsIMQSt2uE4OcpQqbFu7f7NbTK05lx80nuSijCz7sc3a277R67g,Good Job,5,0,13.19.3.1585273446,4/6/20 19:43,,
110,0d307e17-b988-4ae7-866a-37d489b860df,A Google user,https://play-lh.googleusercontent.com/EGemoI2NTXmTsBVtJqk8jxF9rh8ApRWfsIMQSt2uE4OcpQqbFu7f7NbTK05lx80nuSijCz7sc3a277R67g,"Between the train, bus, and divvy you can get anywhere in Chicago. It's very convenient. However, I think the rate is pricey and it's not conducive for longer rides. The bikes are durable but uncomfortable and very slow if you are used to road bikes. I wish they charged for every 15 minutes instead of 30, because a ride that took me 33 minutes cost the same as a 60 minute ride. I think of it wasn't as expensive I would give it a higher review.",3,11,12.20.0,3/7/20 11:47,,
111,a66573be-b2c4-40f0-8c68-cf639d445208,A Google user,https://play-lh.googleusercontent.com/EGemoI2NTXmTsBVtJqk8jxF9rh8ApRWfsIMQSt2uE4OcpQqbFu7f7NbTK05lx80nuSijCz7sc3a277R67g,"It was a little hard to understand how the codes work. It's the reader next to the actual bike, not the kiosk. I ended up losing my money for the first ride because it timed out. I was determined to give it another try, and really liked it. The bikes are slow and heavy, but it's been nice to be able to take one-way trips without worrying how to get a bike home if the weather turns. Individual rides are expensive, especially compared to the L or bus, but a year membership is reasonably priced.",4,1,12.20.0,2/19/20 9:43,,
112,ad3fa6e1-0231-41ef-a0f0-2fc35050977e,A Google user,https://play-lh.googleusercontent.com/EGemoI2NTXmTsBVtJqk8jxF9rh8ApRWfsIMQSt2uE4OcpQqbFu7f7NbTK05lx80nuSijCz7sc3a277R67g,Very good with fast feedback that bike is successful ly docked.,5,0,12.19.0,11/19/19 7:57,,
113,078ea158-4038-4726-a72c-7da57dfba679,A Google user,https://play-lh.googleusercontent.com/EGemoI2NTXmTsBVtJqk8jxF9rh8ApRWfsIMQSt2uE4OcpQqbFu7f7NbTK05lx80nuSijCz7sc3a277R67g,I love the DIVVK bikes and would love to see more available in Riverdale and Dolton areas,5,0,,11/16/19 8:27,,
114,7f06de5c-45c4-4626-a5ec-f32fba33d171,A Google user,https://play-lh.googleusercontent.com/EGemoI2NTXmTsBVtJqk8jxF9rh8ApRWfsIMQSt2uE4OcpQqbFu7f7NbTK05lx80nuSijCz7sc3a277R67g,"I used this bikesharing only ones on vacations. It's not possible to delete account in app. It's possible to write a message to customer service, but this message will not be sent. You'll have to log in on Divy website.",2,0,12.19.0,11/3/19 3:55,,
115,4f038024-7942-4e2a-b79e-836e82388b68,A Google user,https://play-lh.googleusercontent.com/EGemoI2NTXmTsBVtJqk8jxF9rh8ApRWfsIMQSt2uE4OcpQqbFu7f7NbTK05lx80nuSijCz7sc3a277R67g,"So Transit no longer works too unlock a bike when I forget my fob. Called Divvy, they said I need to download official app. Just downloaded, does not work. Still cannot check out a bike when it's obviously right on front of me. Useless, and not best in appearance.",1,2,12.19.0,10/19/19 19:43,,
116,5bdb83d5-ed39-426c-addd-945917279c9d,A Google user,https://play-lh.googleusercontent.com/EGemoI2NTXmTsBVtJqk8jxF9rh8ApRWfsIMQSt2uE4OcpQqbFu7f7NbTK05lx80nuSijCz7sc3a277R67g,Super practical!,5,0,12.19.0,10/14/19 17:31,,
117,638e5000-8bc3-43c8-a690-b46673c09c2d,A Google user,https://play-lh.googleusercontent.com/EGemoI2NTXmTsBVtJqk8jxF9rh8ApRWfsIMQSt2uE4OcpQqbFu7f7NbTK05lx80nuSijCz7sc3a277R67g,If there are only 1 or 2 bikes at a dock the app will say there are no bikes and wont let me unlock at that location,2,0,12.15.0,10/7/19 19:03,,
118,56dee72b-6918-48d0-afa6-96c60b0911fa,A Google user,https://play-lh.googleusercontent.com/EGemoI2NTXmTsBVtJqk8jxF9rh8ApRWfsIMQSt2uE4OcpQqbFu7f7NbTK05lx80nuSijCz7sc3a277R67g,Multiple technical issue with the app and the docks. Many overages due to the fact (which weren't waived or refunded) and need better support.,1,0,,10/3/19 8:52,,
119,a85de9f5-00ee-4a5c-a394-fc2d281a9fbe,A Google user,https://play-lh.googleusercontent.com/EGemoI2NTXmTsBVtJqk8jxF9rh8ApRWfsIMQSt2uE4OcpQqbFu7f7NbTK05lx80nuSijCz7sc3a277R67g,Very well,5,0,12.19.0,10/1/19 17:31,,
120,d202b5d9-7678-4904-ac8e-3197a3a0f20c,A Google user,https://play-lh.googleusercontent.com/EGemoI2NTXmTsBVtJqk8jxF9rh8ApRWfsIMQSt2uE4OcpQqbFu7f7NbTK05lx80nuSijCz7sc3a277R67g,As expected with some bonus metrics,4,0,12.19.0,10/1/19 4:42,,
121,9a7ed4e2-b59d-407e-b4f1-d2933be1cd22,A Google user,https://play-lh.googleusercontent.com/EGemoI2NTXmTsBVtJqk8jxF9rh8ApRWfsIMQSt2uE4OcpQqbFu7f7NbTK05lx80nuSijCz7sc3a277R67g,They overcharged me. I'll change my review status once they contact me back and confirm they'll undo their mistake.,1,0,12.19.0,9/29/19 18:11,,
122,b300bc1c-7504-4da0-aeec-0b45bc678d79,A Google user,https://play-lh.googleusercontent.com/EGemoI2NTXmTsBVtJqk8jxF9rh8ApRWfsIMQSt2uE4OcpQqbFu7f7NbTK05lx80nuSijCz7sc3a277R67g,The bike is so fun,5,0,,9/20/19 0:22,,
123,d003b74e-b22b-4158-b9c6-db619829872b,A Google user,https://play-lh.googleusercontent.com/EGemoI2NTXmTsBVtJqk8jxF9rh8ApRWfsIMQSt2uE4OcpQqbFu7f7NbTK05lx80nuSijCz7sc3a277R67g,Great,5,0,12.19.0,9/19/19 17:52,,
124,ccd37e6c-500f-4f71-b079-8f9010d2a33e,A Google user,https://play-lh.googleusercontent.com/EGemoI2NTXmTsBVtJqk8jxF9rh8ApRWfsIMQSt2uE4OcpQqbFu7f7NbTK05lx80nuSijCz7sc3a277R67g,"Nice to see ride stats, check out bikes without fob, see station number of bikes/docks, and save favorite stations.",5,5,12.19.0,9/17/19 13:47,,
125,3fe6afba-fe87-4205-b751-3d8d17a86c65,A Google user,https://play-lh.googleusercontent.com/EGemoI2NTXmTsBVtJqk8jxF9rh8ApRWfsIMQSt2uE4OcpQqbFu7f7NbTK05lx80nuSijCz7sc3a277R67g,Awesome.cheap.my stomach is flat now.thanks divvy lol,5,0,12.15.0,9/16/19 13:36,,
126,bcb7e7bb-136d-4213-8e93-7091b562c732,A Google user,https://play-lh.googleusercontent.com/EGemoI2NTXmTsBVtJqk8jxF9rh8ApRWfsIMQSt2uE4OcpQqbFu7f7NbTK05lx80nuSijCz7sc3a277R67g,"Map tracking/GPS could be more accurate, and instructions for the keypad could be better (it's uncommon to see a keypad with just three digits, I didn't even realize what it was for a few minutes). The app itself works pretty well otherwise, even though I did come across a bug where the code didn't appear when I tried to unlock a bike. I do wish there was an easier way to see if a station is full or totally out beforehand.",4,11,12.15.0,9/10/19 18:25,,
127,73fcbd3d-7e53-443b-8940-ab09c8c804f6,A Google user,https://play-lh.googleusercontent.com/EGemoI2NTXmTsBVtJqk8jxF9rh8ApRWfsIMQSt2uE4OcpQqbFu7f7NbTK05lx80nuSijCz7sc3a277R67g,The app is easy to use and functional. I would have given it 5 stars except there was an issue logging in with my account and the app said they were going to send a password reset email but that did not come until i tried again the next day.,4,0,12.15.0,9/9/19 7:19,,
128,72fbd0ab-a2ed-492f-936f-4d15ac62f676,A Google user,https://play-lh.googleusercontent.com/EGemoI2NTXmTsBVtJqk8jxF9rh8ApRWfsIMQSt2uE4OcpQqbFu7f7NbTK05lx80nuSijCz7sc3a277R67g,It's absolutely great!!,5,0,12.15.0,9/8/19 13:00,,
129,ec2b4e4c-4489-4ff0-8cd3-eae01d419a7e,A Google user,https://play-lh.googleusercontent.com/EGemoI2NTXmTsBVtJqk8jxF9rh8ApRWfsIMQSt2uE4OcpQqbFu7f7NbTK05lx80nuSijCz7sc3a277R67g,Works reliably. I wish the my location dot was a more contrasting color.,5,0,12.15.0,9/6/19 17:00,,
130,006bea0e-f160-4ed9-8cee-df4258ef279d,A Google user,https://play-lh.googleusercontent.com/EGemoI2NTXmTsBVtJqk8jxF9rh8ApRWfsIMQSt2uE4OcpQqbFu7f7NbTK05lx80nuSijCz7sc3a277R67g,Super fast super helpful,5,0,12.15.0,9/6/19 7:21,,
131,eb022923-532b-43be-b3bb-47f098200357,A Google user,https://play-lh.googleusercontent.com/EGemoI2NTXmTsBVtJqk8jxF9rh8ApRWfsIMQSt2uE4OcpQqbFu7f7NbTK05lx80nuSijCz7sc3a277R67g,"Easy to use, very helpful",5,0,12.15.0,8/30/19 22:09,,
132,e5ba59cc-2145-47d2-8ddb-52064e73d4a8,A Google user,https://play-lh.googleusercontent.com/EGemoI2NTXmTsBVtJqk8jxF9rh8ApRWfsIMQSt2uE4OcpQqbFu7f7NbTK05lx80nuSijCz7sc3a277R67g,Easy to use! Thanks for making a great bikeshare app. I think the ability to favorite a station and check its current capacity is great,5,0,12.15.0,8/28/19 20:32,,
133,726b0991-34b7-434a-b969-b168822bd7d0,A Google user,https://play-lh.googleusercontent.com/EGemoI2NTXmTsBVtJqk8jxF9rh8ApRWfsIMQSt2uE4OcpQqbFu7f7NbTK05lx80nuSijCz7sc3a277R67g,I just love the DIVVY. It saves me an awful lot of time.,5,0,12.15.0,8/27/19 14:22,,
134,77e9fc14-33fc-4802-849a-a8bbe6d9c9ef,A Google user,https://play-lh.googleusercontent.com/EGemoI2NTXmTsBVtJqk8jxF9rh8ApRWfsIMQSt2uE4OcpQqbFu7f7NbTK05lx80nuSijCz7sc3a277R67g,Only had one experience where i had a difficulty unlocking a bike (out of 10 per the app). Else it's way more efficient yhen using the kiosk.,5,0,12.15.0,8/24/19 19:23,,
135,c6c9438e-6e81-49ea-9346-ee05580b1986,A Google user,https://play-lh.googleusercontent.com/EGemoI2NTXmTsBVtJqk8jxF9rh8ApRWfsIMQSt2uE4OcpQqbFu7f7NbTK05lx80nuSijCz7sc3a277R67g,"Awesome app, helps to explore great views and transit between school to home for students. Thanks Divvy, great innovation and services, keep going. Few things can be improved such as incresing docks at overused stations and also adding padded seats to bikes. Cheers !!!",5,2,12.15.0,8/24/19 18:52,,
136,662cfd94-482e-478c-bd6d-291044641446,A Google user,https://play-lh.googleusercontent.com/EGemoI2NTXmTsBVtJqk8jxF9rh8ApRWfsIMQSt2uE4OcpQqbFu7f7NbTK05lx80nuSijCz7sc3a277R67g,"I love Divvy and this app makes it even easier to use. A+ integration, great availability where I live, couldn't ask for more.",5,1,12.15.0,8/23/19 19:10,,
137,3dcffc1e-d599-4450-9f0b-949dd7f90e79,A Google user,https://play-lh.googleusercontent.com/EGemoI2NTXmTsBVtJqk8jxF9rh8ApRWfsIMQSt2uE4OcpQqbFu7f7NbTK05lx80nuSijCz7sc3a277R67g,"Good night, but sometimes is very frustrating",4,1,12.15.0,8/21/19 21:52,,
138,3395cda8-0aad-4832-ad7b-3474bc4c4a94,A Google user,https://play-lh.googleusercontent.com/EGemoI2NTXmTsBVtJqk8jxF9rh8ApRWfsIMQSt2uE4OcpQqbFu7f7NbTK05lx80nuSijCz7sc3a277R67g,"App works fine here. Samsung S7. I did have an issue with forgot password functionality where the app didn't recognize an email address as an email address. So I had to make a new account. Other than that, I purchased a ride, unlocked, and rode quite easily. I do wish there was some kind of payment history feature. That seems like a glaring thing to not have.",4,6,12.15.0,8/21/19 16:30,,
139,b6d8cdba-559f-4cd3-b42b-7df4e6053359,A Google user,https://play-lh.googleusercontent.com/EGemoI2NTXmTsBVtJqk8jxF9rh8ApRWfsIMQSt2uE4OcpQqbFu7f7NbTK05lx80nuSijCz7sc3a277R67g,So easy to commute in Chicago because of Divvy,5,1,12.15.0,8/21/19 8:48,,
140,66955517-00c8-404d-88a0-144bec0e5b25,A Google user,https://play-lh.googleusercontent.com/EGemoI2NTXmTsBVtJqk8jxF9rh8ApRWfsIMQSt2uE4OcpQqbFu7f7NbTK05lx80nuSijCz7sc3a277R67g,app charged me but the cides did not work,1,0,12.15.0,8/13/19 18:43,,
141,ec7b99ea-990b-4a26-a8ff-a012bd33145e,A Google user,https://play-lh.googleusercontent.com/EGemoI2NTXmTsBVtJqk8jxF9rh8ApRWfsIMQSt2uE4OcpQqbFu7f7NbTK05lx80nuSijCz7sc3a277R67g,"Bikes might be fine. However, the company/app itself are terrible. I used LYFT twice a year ago when I needed to, and that was it. But now I have multiple charges on my card from Lyft/Divvy (Divvy is owned by Lyft) - over $150 worth. They have done nothing to help. Apparently someone else can charge me just because they say we're friends on the app. NOT EVEN USING THE ACCOUNT I SUPPOSEDLY HAVE, BUT JUST SAYING WE WERE FRIENDS. So be careful if you decide to use this app.",1,0,12.15.0,8/11/19 15:00,,
142,a0a03102-b789-4a48-9827-1e6c8926d063,A Google user,https://play-lh.googleusercontent.com/EGemoI2NTXmTsBVtJqk8jxF9rh8ApRWfsIMQSt2uE4OcpQqbFu7f7NbTK05lx80nuSijCz7sc3a277R67g,much improved!,4,0,12.15.0,8/10/19 13:17,,
143,c57a8e64-d6c8-443b-9b81-0d627e8ccd1a,A Google user,https://play-lh.googleusercontent.com/EGemoI2NTXmTsBVtJqk8jxF9rh8ApRWfsIMQSt2uE4OcpQqbFu7f7NbTK05lx80nuSijCz7sc3a277R67g,easily tracking number of bikes in each dock. it will be great if i can manage my account information in the app.,4,0,12.15.0,8/8/19 20:19,,
144,1c7a3ac1-c6f0-4a24-bfd9-96a8e216fade,A Google user,https://play-lh.googleusercontent.com/EGemoI2NTXmTsBVtJqk8jxF9rh8ApRWfsIMQSt2uE4OcpQqbFu7f7NbTK05lx80nuSijCz7sc3a277R67g,TRAAAASH,1,0,,8/7/19 21:59,,
145,5e78fef7-e7a8-49df-bcf2-2a2478272424,A Google user,https://play-lh.googleusercontent.com/EGemoI2NTXmTsBVtJqk8jxF9rh8ApRWfsIMQSt2uE4OcpQqbFu7f7NbTK05lx80nuSijCz7sc3a277R67g,"unlimited yearly membership is so worth it. app works well and makes riding very easy. sometimes they do not take broken bikes into account, however, so you think there is a bike parked, but there is not.",4,0,,8/4/19 18:47,,
146,d845e4e8-fe7c-4450-bc45-749da3e8a2a8,A Google user,https://play-lh.googleusercontent.com/EGemoI2NTXmTsBVtJqk8jxF9rh8ApRWfsIMQSt2uE4OcpQqbFu7f7NbTK05lx80nuSijCz7sc3a277R67g,it's been fun so far,5,0,12.15.0,8/4/19 9:03,,
147,ac0d130b-7440-4a4f-8e44-79f428b9068c,A Google user,https://play-lh.googleusercontent.com/EGemoI2NTXmTsBVtJqk8jxF9rh8ApRWfsIMQSt2uE4OcpQqbFu7f7NbTK05lx80nuSijCz7sc3a277R67g,Bikes are never where I need them. I bought this stupid annual subscription and it's a waste. My codes only work 50% of the time and when there are one or two bikes at the docking station my app will tell me there aren't any bikes there. Such a garbage service. I walk to 4 or 5 stations before I can ever get a bike. I might as well walk to my destination.,1,2,12.15.0,7/30/19 14:41,,
148,75b8fdde-9796-4c03-b446-34f8c078077c,A Google user,https://play-lh.googleusercontent.com/EGemoI2NTXmTsBVtJqk8jxF9rh8ApRWfsIMQSt2uE4OcpQqbFu7f7NbTK05lx80nuSijCz7sc3a277R67g,"After one year of using, this app finally does everything it's supposed to. I have no problems finding stations, the timer helps me stay in my time, unlock codes work every time I need them (though I usually use my key dongle), and finally the ride history stats actually work. For a year, I gave this app 2 stars and was very frustrated. I'm happy that I can now write a better review! Based on recent poor reviews, it seems to work better if you have an annual pass like I do.",5,10,12.15.0,7/29/19 13:43,,
149,daa02787-3bd9-4c46-90e6-abe24f7f4f27,A Google user,https://play-lh.googleusercontent.com/EGemoI2NTXmTsBVtJqk8jxF9rh8ApRWfsIMQSt2uE4OcpQqbFu7f7NbTK05lx80nuSijCz7sc3a277R67g,Absolutely attrocious app and company. The unlock codes this app gives do not work at the bike stations. Aside from that customer service is non-existent and the station don't work properly either. Will not use this company ever again.,1,0,,7/28/19 17:58,,
150,607647c4-ee90-4075-8e1f-2f2b03ca1335,A Google user,https://play-lh.googleusercontent.com/EGemoI2NTXmTsBVtJqk8jxF9rh8ApRWfsIMQSt2uE4OcpQqbFu7f7NbTK05lx80nuSijCz7sc3a277R67g,sucks!!! charged me twice and could not unlock a bike. I then spent 20 minutes on the phone trying to get my money back.,1,1,12.15.0,7/26/19 9:33,,
151,6435abd1-8094-44e4-b5f6-b877586e1e5a,A Google user,https://play-lh.googleusercontent.com/EGemoI2NTXmTsBVtJqk8jxF9rh8ApRWfsIMQSt2uE4OcpQqbFu7f7NbTK05lx80nuSijCz7sc3a277R67g,Great app and amazing bike system!üòä,5,0,12.15.0,7/24/19 14:22,,
152,837f11c1-2bad-4e55-b385-6e098029fd18,A Google user,https://play-lh.googleusercontent.com/EGemoI2NTXmTsBVtJqk8jxF9rh8ApRWfsIMQSt2uE4OcpQqbFu7f7NbTK05lx80nuSijCz7sc3a277R67g,The updates on this app are so slow that you can't count on the information being shown. It's pretty useless when trying to find a station that has open docks or bikes available.,1,1,12.15.0,7/24/19 10:58,,
153,d9ff0760-e7bb-43fe-ba31-585553bbc127,A Google user,https://play-lh.googleusercontent.com/EGemoI2NTXmTsBVtJqk8jxF9rh8ApRWfsIMQSt2uE4OcpQqbFu7f7NbTK05lx80nuSijCz7sc3a277R67g,is great except when u r tired and there is no docks empty close to ur destination,4,2,12.15.0,7/19/19 1:02,,
154,e636806d-e81b-4e13-9124-8f1c10ff3e73,A Google user,https://play-lh.googleusercontent.com/EGemoI2NTXmTsBVtJqk8jxF9rh8ApRWfsIMQSt2uE4OcpQqbFu7f7NbTK05lx80nuSijCz7sc3a277R67g,still has bugs but now i dont need to create q new account every time i want to buy a pass,3,0,12.15.0,7/18/19 22:17,,
155,2f1ffc20-b1e9-4d15-b072-993bbea98d30,A Google user,https://play-lh.googleusercontent.com/EGemoI2NTXmTsBVtJqk8jxF9rh8ApRWfsIMQSt2uE4OcpQqbFu7f7NbTK05lx80nuSijCz7sc3a277R67g,85 percent of the time never bikes . They don't have enough bikes !!! Stations that don't work! Customer service terrible,1,0,12.15.0,7/18/19 19:18,,
156,44adf24d-5967-4f47-a653-9f47a636b43b,A Google user,https://play-lh.googleusercontent.com/EGemoI2NTXmTsBVtJqk8jxF9rh8ApRWfsIMQSt2uE4OcpQqbFu7f7NbTK05lx80nuSijCz7sc3a277R67g,"This app is a waste of time and space on your phone. You can't get ride codes from it, so it not necessary unless you have to update account information, which you can just do on the website",1,0,12.15.0,7/15/19 14:27,,
157,b56817c0-803b-4446-9ef1-5c816e21bb2c,A Google user,https://play-lh.googleusercontent.com/EGemoI2NTXmTsBVtJqk8jxF9rh8ApRWfsIMQSt2uE4OcpQqbFu7f7NbTK05lx80nuSijCz7sc3a277R67g,the app marks valid credit cards as invalid. it refuses to let me buy a pass. the app is unusable.,1,0,12.15.0,7/15/19 11:14,,
158,8fc955fe-c6ff-4a16-ba62-864f85df09fb,A Google user,https://play-lh.googleusercontent.com/EGemoI2NTXmTsBVtJqk8jxF9rh8ApRWfsIMQSt2uE4OcpQqbFu7f7NbTK05lx80nuSijCz7sc3a277R67g,App is lacking. Why can't I create an account BEFORE the first time I want to use a bike?,2,0,12.15.0,7/14/19 12:29,,
159,31a767f3-d13f-4156-b000-348c93677bbd,A Google user,https://play-lh.googleusercontent.com/EGemoI2NTXmTsBVtJqk8jxF9rh8ApRWfsIMQSt2uE4OcpQqbFu7f7NbTK05lx80nuSijCz7sc3a277R67g,"terrible app. I have had this app for two weeks it's only worked about 40% of the time. I typically find that during rush hour bike usage, the app tells me that it cannot allow me to unlock a bike at that time. Even with a bike sitting directly in front of my face",1,0,12.15.0,7/11/19 19:08,,
160,6094c6d0-0b6f-4bdb-885c-e6f9c2f04124,A Google user,https://play-lh.googleusercontent.com/EGemoI2NTXmTsBVtJqk8jxF9rh8ApRWfsIMQSt2uE4OcpQqbFu7f7NbTK05lx80nuSijCz7sc3a277R67g,"I'm loving my Divvy experience - it makes for a fun and convenient commute to and from work every day! After thinking for years that every trip was $3, I recently discovered the $99 year-long membership (unlimited 45-minute rides). It paid for itself within 2 months of use (I would generally spend $45-50/month using CTA). I'm 50 rides in - in that timeframe I experienced 2 technical glitches where I could not unlock a bike and 2 times where I needed to dock my bike and there were no open docks.",5,3,12.15.0,7/10/19 10:47,,
161,8271b5c8-1f1b-46f7-84b8-8a18634760da,A Google user,https://play-lh.googleusercontent.com/EGemoI2NTXmTsBVtJqk8jxF9rh8ApRWfsIMQSt2uE4OcpQqbFu7f7NbTK05lx80nuSijCz7sc3a277R67g,The app doesn't work. Can't complete a purchase.,1,0,12.15.0,7/7/19 17:59,,
162,c2d895e9-9911-412a-a40e-846907cab14a,A Google user,https://play-lh.googleusercontent.com/EGemoI2NTXmTsBVtJqk8jxF9rh8ApRWfsIMQSt2uE4OcpQqbFu7f7NbTK05lx80nuSijCz7sc3a277R67g,Extremely unreliable!,1,0,,7/7/19 17:28,,
163,105f3dfb-72e7-44c8-9c21-075346ab0a60,A Google user,https://play-lh.googleusercontent.com/EGemoI2NTXmTsBVtJqk8jxF9rh8ApRWfsIMQSt2uE4OcpQqbFu7f7NbTK05lx80nuSijCz7sc3a277R67g,DO NOT USE WITH PIXEL PHONE. it causes the phone to go to black screen and can only be turned on with a reboot.,1,0,12.15.0,7/7/19 14:17,,
164,fbac17eb-26d5-4f4a-a383-6ec9833eb271,A Google user,https://play-lh.googleusercontent.com/EGemoI2NTXmTsBVtJqk8jxF9rh8ApRWfsIMQSt2uE4OcpQqbFu7f7NbTK05lx80nuSijCz7sc3a277R67g,"The Android version of the app did not allow me to complete purchase. I was lucky to have a friend with iPhone, so I used iOS version of the app. It seems like the similar issue has been reported by Marques on 6/26/19, hopefully the issue will be fixed, but one star for now.",1,1,12.15.0,7/6/19 19:57,,
165,85634816-5eee-4c29-989e-fd3224faee50,A Google user,https://play-lh.googleusercontent.com/EGemoI2NTXmTsBVtJqk8jxF9rh8ApRWfsIMQSt2uE4OcpQqbFu7f7NbTK05lx80nuSijCz7sc3a277R67g,worst bike app ever,1,0,12.15.0,7/6/19 16:32,,
166,f754b169-1156-4f68-9300-4408be0e243b,A Google user,https://play-lh.googleusercontent.com/EGemoI2NTXmTsBVtJqk8jxF9rh8ApRWfsIMQSt2uE4OcpQqbFu7f7NbTK05lx80nuSijCz7sc3a277R67g,This app is trash. It only has like 4 basic functions with the main one being the ability to purchase a pass and it wont even let me do that. So sad,1,0,12.15.0,7/6/19 15:39,,
167,5269bfc3-a855-4fe5-a13f-39cd36fae1be,A Google user,https://play-lh.googleusercontent.com/EGemoI2NTXmTsBVtJqk8jxF9rh8ApRWfsIMQSt2uE4OcpQqbFu7f7NbTK05lx80nuSijCz7sc3a277R67g,app doesn't work to purchase a bike pass,1,0,12.15.0,7/6/19 12:05,,
168,850825cb-f1d0-4808-af60-f61c9c6a8eb7,A Google user,https://play-lh.googleusercontent.com/EGemoI2NTXmTsBVtJqk8jxF9rh8ApRWfsIMQSt2uE4OcpQqbFu7f7NbTK05lx80nuSijCz7sc3a277R67g,piece of **** app,1,0,12.15.0,7/5/19 23:37,,
169,d7da7439-c53a-4fd6-8533-a743ada9a1b0,A Google user,https://play-lh.googleusercontent.com/EGemoI2NTXmTsBVtJqk8jxF9rh8ApRWfsIMQSt2uE4OcpQqbFu7f7NbTK05lx80nuSijCz7sc3a277R67g,stopped working on galaxy s9 after 1 use,1,0,12.15.0,7/5/19 12:58,,
170,e1edcb9b-ba66-445d-93e6-b7a6439d8f0c,A Google user,https://play-lh.googleusercontent.com/EGemoI2NTXmTsBVtJqk8jxF9rh8ApRWfsIMQSt2uE4OcpQqbFu7f7NbTK05lx80nuSijCz7sc3a277R67g,"app keep saying it wont work when i try to u lock a ike,wasted way too much time trying to unlock the bike, lost an hour of time on my vacation. and lkat money. ridiculous. dont recommend at all",1,0,12.15.0,7/4/19 16:48,,
171,25973618-11e8-40f3-af91-303cff61b0cd,A Google user,https://play-lh.googleusercontent.com/EGemoI2NTXmTsBVtJqk8jxF9rh8ApRWfsIMQSt2uE4OcpQqbFu7f7NbTK05lx80nuSijCz7sc3a277R67g,Cannot buy a pass.,1,0,12.5.2,7/3/19 15:50,,
172,ac453d99-e2e4-47be-8b2c-23b1282271d3,A Google user,https://play-lh.googleusercontent.com/EGemoI2NTXmTsBVtJqk8jxF9rh8ApRWfsIMQSt2uE4OcpQqbFu7f7NbTK05lx80nuSijCz7sc3a277R67g,Can't unlock a bike; gives an error even after setting everything up.,1,0,12.15.0,7/3/19 15:07,,
173,d5b09012-09cb-42e2-b621-4a206b7552bc,A Google user,https://play-lh.googleusercontent.com/EGemoI2NTXmTsBVtJqk8jxF9rh8ApRWfsIMQSt2uE4OcpQqbFu7f7NbTK05lx80nuSijCz7sc3a277R67g,Since April of this year 2019 I have yet to been able to purchase a single ride ticket using my app. It does not let me go past the complete purchase button and just freezes is stays on that screen it is super frustrating and app support has yet to help me. I have uninstalled and re installed my app and even tried changing credit cards none of which worked.,1,10,12.15.0,7/1/19 20:39,,
174,74b9869c-d979-4788-80ab-97b52513e228,A Google user,https://play-lh.googleusercontent.com/EGemoI2NTXmTsBVtJqk8jxF9rh8ApRWfsIMQSt2uE4OcpQqbFu7f7NbTK05lx80nuSijCz7sc3a277R67g,"The app hasn't worked for days, it keeps saying""something went wrong."" Tried uninstalling and reinstalling the app, nothing works. Love the bikes but app is hot garbage.",1,1,12.15.0,7/1/19 11:48,,
175,f4374cab-ef34-4097-9192-f4be6451934f,A Google user,https://play-lh.googleusercontent.com/EGemoI2NTXmTsBVtJqk8jxF9rh8ApRWfsIMQSt2uE4OcpQqbFu7f7NbTK05lx80nuSijCz7sc3a277R67g,can't purchase,1,0,12.15.0,6/29/19 14:24,,
176,eaff5d82-3c3b-4964-b266-9e48a904bea3,A Google user,https://play-lh.googleusercontent.com/EGemoI2NTXmTsBVtJqk8jxF9rh8ApRWfsIMQSt2uE4OcpQqbFu7f7NbTK05lx80nuSijCz7sc3a277R67g,"Pure trash. button to complete order does not work, so app is useless. This app sucks and has been broken for months. fix it, you useless slime.",1,2,,6/28/19 21:24,,
177,6a56b220-439e-4af7-8817-12c7d8be9575,A Google user,https://play-lh.googleusercontent.com/EGemoI2NTXmTsBVtJqk8jxF9rh8ApRWfsIMQSt2uE4OcpQqbFu7f7NbTK05lx80nuSijCz7sc3a277R67g,Purchasing a pass simply does not work. You enter your payment details and the app fails to respond: no error messages or notifications to indicate a problem,1,0,,6/28/19 13:41,,
178,9f910a6d-a9d9-46e6-8bd9-a0d4a2bb312c,A Google user,https://play-lh.googleusercontent.com/EGemoI2NTXmTsBVtJqk8jxF9rh8ApRWfsIMQSt2uE4OcpQqbFu7f7NbTK05lx80nuSijCz7sc3a277R67g,They stole my money,1,0,12.15.0,6/28/19 11:33,,
179,8ff03c7d-c2aa-46dd-b461-fe0116eb1192,A Google user,https://play-lh.googleusercontent.com/EGemoI2NTXmTsBVtJqk8jxF9rh8ApRWfsIMQSt2uE4OcpQqbFu7f7NbTK05lx80nuSijCz7sc3a277R67g,keep failling at the most important moment. the app time counter got stuck with no chance to get a bike and nothing helps. frustrated üòû,1,0,,6/28/19 9:26,,
180,d1f5fd6c-a0b0-4684-a544-336fe21e93d9,A Google user,https://play-lh.googleusercontent.com/EGemoI2NTXmTsBVtJqk8jxF9rh8ApRWfsIMQSt2uE4OcpQqbFu7f7NbTK05lx80nuSijCz7sc3a277R67g,this app doesn't work and i will no longer spend any more time trying to get a bike. uninstalled and reinstalled to find it just crash. also couldnt update payment method or unlock a bike successfully. i guess I'll use a scooter instead.,1,0,,6/27/19 19:10,,
181,f0dd9b7c-a818-47ac-92c4-38db1aed31d0,A Google user,https://play-lh.googleusercontent.com/EGemoI2NTXmTsBVtJqk8jxF9rh8ApRWfsIMQSt2uE4OcpQqbFu7f7NbTK05lx80nuSijCz7sc3a277R67g,The app won't let me purchase rides. I have tried uninstalling/reinstalling the app with no luck.,1,0,12.15.0,6/27/19 15:12,,
182,8b4af1b1-5fca-43c2-b9c8-df50ddf37cd7,A Google user,https://play-lh.googleusercontent.com/EGemoI2NTXmTsBVtJqk8jxF9rh8ApRWfsIMQSt2uE4OcpQqbFu7f7NbTK05lx80nuSijCz7sc3a277R67g,The app is very confusing and complicated and will not let me purchase bikes.,1,0,12.15.0,6/27/19 9:34,,
183,9e86a5a7-3050-4433-9555-bfd4ea4d753e,A Google user,https://play-lh.googleusercontent.com/EGemoI2NTXmTsBVtJqk8jxF9rh8ApRWfsIMQSt2uE4OcpQqbFu7f7NbTK05lx80nuSijCz7sc3a277R67g,"I'm unable to purchase a pass. I have most up to date version of divvy and android on my Pixel, but after filling in the CC info and hitting ""purchase"" nothing happens. No error message, nothing. I emailed support about it, and they just said ""make sure everything is up-to-date"". I really wanted to try divvy but it's a pain to use the crappy touch screen at the docks.",1,15,12.15.0,6/26/19 19:52,,
184,a6190a9f-6f46-4188-96b4-a12ab30cc53f,A Google user,https://play-lh.googleusercontent.com/EGemoI2NTXmTsBVtJqk8jxF9rh8ApRWfsIMQSt2uE4OcpQqbFu7f7NbTK05lx80nuSijCz7sc3a277R67g,"Worked first time I used it, but couldn't book a bike the next day. person next to me couldn't get the app to work either.",1,3,12.15.0,6/26/19 9:12,,
185,64aaf271-860a-4589-b295-9628d77c0265,A Google user,https://play-lh.googleusercontent.com/EGemoI2NTXmTsBVtJqk8jxF9rh8ApRWfsIMQSt2uE4OcpQqbFu7f7NbTK05lx80nuSijCz7sc3a277R67g,"does not allow for payments, üíØ broken",1,0,12.15.0,6/25/19 17:33,,
186,3f790ed7-8f64-4555-99e9-cf61cc625eef,A Google user,https://play-lh.googleusercontent.com/EGemoI2NTXmTsBVtJqk8jxF9rh8ApRWfsIMQSt2uE4OcpQqbFu7f7NbTK05lx80nuSijCz7sc3a277R67g,Wont accept payment. Nothing happens when you click complete purchase.,1,0,12.15.0,6/25/19 16:12,,
187,654d9803-02be-465d-b02d-9b521d147f4f,A Google user,https://play-lh.googleusercontent.com/EGemoI2NTXmTsBVtJqk8jxF9rh8ApRWfsIMQSt2uE4OcpQqbFu7f7NbTK05lx80nuSijCz7sc3a277R67g,"the app wont let me buy a pass to use the bikes. restarting the phone, uninstalling and reinstalling the app, different cards. nothing works. I don't even get a payment denied notification, the payment never processes. it's like you dont want me to give you money for the service.",1,3,12.15.0,6/24/19 18:53,,
188,a83876d0-2733-4226-bba9-b4a36f56c7f0,A Google user,https://play-lh.googleusercontent.com/EGemoI2NTXmTsBVtJqk8jxF9rh8ApRWfsIMQSt2uE4OcpQqbFu7f7NbTK05lx80nuSijCz7sc3a277R67g,"I arrived at a Divvy station with two bikes. I tried to unlock a bike, but it gave me a vaugue error. Restarted app, and I got the same problem. Call tech support and they told me to try another station. I did that and had the same problem. I gave up. Bolt scooters saved me! Divvy really let me down.",1,5,12.15.0,6/21/19 11:34,,
189,f0c52157-02ff-4ee3-9e7b-a1346ef053fb,A Google user,https://play-lh.googleusercontent.com/EGemoI2NTXmTsBVtJqk8jxF9rh8ApRWfsIMQSt2uE4OcpQqbFu7f7NbTK05lx80nuSijCz7sc3a277R67g,only good to know where bike stations are. could never buy a pass or unlock a bike from app.,2,0,12.15.0,6/20/19 19:23,,
190,6e881b83-937c-46ab-963c-c6fdb0d71673,A Google user,https://play-lh.googleusercontent.com/EGemoI2NTXmTsBVtJqk8jxF9rh8ApRWfsIMQSt2uE4OcpQqbFu7f7NbTK05lx80nuSijCz7sc3a277R67g,Just A Horrible App Dont Download,1,0,12.14.4,6/18/19 19:34,,
191,d53c12ce-4a37-4430-adac-f2c328e67289,A Google user,https://play-lh.googleusercontent.com/EGemoI2NTXmTsBVtJqk8jxF9rh8ApRWfsIMQSt2uE4OcpQqbFu7f7NbTK05lx80nuSijCz7sc3a277R67g,Has anyone gotten the app to work?,1,0,12.15.0,6/17/19 18:23,,
192,a030c5f4-7add-4888-b68c-6de7e2f55a76,A Google user,https://play-lh.googleusercontent.com/EGemoI2NTXmTsBVtJqk8jxF9rh8ApRWfsIMQSt2uE4OcpQqbFu7f7NbTK05lx80nuSijCz7sc3a277R67g,The app won't let me buy a pass. I click Complete Purchase and nothing happens. it's only useful to look for stations but then you still have to pay there with a credit card which almost defeats the purpose of having an app.,1,4,12.15.0,6/16/19 17:31,,
193,e50de5f2-71fc-44f1-b94b-64314dc41898,A Google user,https://play-lh.googleusercontent.com/EGemoI2NTXmTsBVtJqk8jxF9rh8ApRWfsIMQSt2uE4OcpQqbFu7f7NbTK05lx80nuSijCz7sc3a277R67g,"the bike didn't unlock in the app, and it hasn't a live chat to support",1,0,12.15.0,6/16/19 13:34,,
194,867ae3ce-e3c8-49b2-81a0-6e5987f93c6c,A Google user,https://play-lh.googleusercontent.com/EGemoI2NTXmTsBVtJqk8jxF9rh8ApRWfsIMQSt2uE4OcpQqbFu7f7NbTK05lx80nuSijCz7sc3a277R67g,"Good to know it's not just me. On a Samsung Galaxy S5 with otherwise no connectivity issues, same problems that everyone else is reporting with unresponsiveness and the map snapping back to some default location repeatedly. I had no such problems with Capital Bikeshare in DC on this same phone.",1,2,12.15.0,6/13/19 8:09,,
195,8a748cd6-65e9-4052-8772-f6fd89f19ab1,A Google user,https://play-lh.googleusercontent.com/EGemoI2NTXmTsBVtJqk8jxF9rh8ApRWfsIMQSt2uE4OcpQqbFu7f7NbTK05lx80nuSijCz7sc3a277R67g,"does not accept credit card information, does not allow you to unlock a bike, does not work in any way at all. completely pointless. doesnt even have accuarate counts of bikes available.",1,5,12.15.0,6/11/19 20:51,,
196,cceb1c30-456a-4162-a936-777555a2d6d9,A Google user,https://play-lh.googleusercontent.com/EGemoI2NTXmTsBVtJqk8jxF9rh8ApRWfsIMQSt2uE4OcpQqbFu7f7NbTK05lx80nuSijCz7sc3a277R67g,app wont let me get more that one bike at a time. literally so stupid,1,0,12.15.0,6/10/19 21:09,,
197,d55aff89-c32d-4ff0-9602-e266f2b810f1,A Google user,https://play-lh.googleusercontent.com/EGemoI2NTXmTsBVtJqk8jxF9rh8ApRWfsIMQSt2uE4OcpQqbFu7f7NbTK05lx80nuSijCz7sc3a277R67g,The complete purchase part of the app does not app and im unable to get a bike through the app.,1,0,,6/9/19 17:49,,
198,f27c4b1b-3ed5-4513-a109-d8096a93a7be,A Google user,https://play-lh.googleusercontent.com/EGemoI2NTXmTsBVtJqk8jxF9rh8ApRWfsIMQSt2uE4OcpQqbFu7f7NbTK05lx80nuSijCz7sc3a277R67g,Cannot complete a purchase with my credit card from this app. The kiosks still work for my card.,1,1,,6/9/19 14:22,,
199,24cc6bc1-fabe-4b42-8ebc-42c46c743106,A Google user,https://play-lh.googleusercontent.com/EGemoI2NTXmTsBVtJqk8jxF9rh8ApRWfsIMQSt2uE4OcpQqbFu7f7NbTK05lx80nuSijCz7sc3a277R67g,Terrible app. Won't accept my payment method. Allows me to click purchase but nothing happens. Tried deleting and re-downloading. Tried updating payment method. Utterly useless app.,1,8,12.15.0,6/5/19 19:17,,
200,6137c361-1a3d-4ed9-95bd-029da6595d08,A Google user,https://play-lh.googleusercontent.com/EGemoI2NTXmTsBVtJqk8jxF9rh8ApRWfsIMQSt2uE4OcpQqbFu7f7NbTK05lx80nuSijCz7sc3a277R67g,"App doesnt work. When i try to purchaae a ride and click ""Complete Purchasse"". Nothing happens. Unistalled and Reinstalled, same issue. Tried using a different credit card. Same issue. Using a Google Pixel 2 with Android Pi.",1,16,12.15.0,6/5/19 16:25,,
201,2891d98a-3082-4fa1-bd2c-a6d9552956a4,A Google user,https://play-lh.googleusercontent.com/EGemoI2NTXmTsBVtJqk8jxF9rh8ApRWfsIMQSt2uE4OcpQqbFu7f7NbTK05lx80nuSijCz7sc3a277R67g,"this app is buggy and does not work when you need it to. don't rely on it, because it will disappoint you.",1,0,12.15.0,6/3/19 15:46,,
202,13b785bb-1d7e-4b73-9c09-2b744822607f,A Google user,https://play-lh.googleusercontent.com/EGemoI2NTXmTsBVtJqk8jxF9rh8ApRWfsIMQSt2uE4OcpQqbFu7f7NbTK05lx80nuSijCz7sc3a277R67g,app isn't updating with my rides,1,0,12.14.4,6/2/19 18:23,,
203,689d15dc-f323-42cb-b764-cd91d0890299,A Google user,https://play-lh.googleusercontent.com/EGemoI2NTXmTsBVtJqk8jxF9rh8ApRWfsIMQSt2uE4OcpQqbFu7f7NbTK05lx80nuSijCz7sc3a277R67g,The app doesn't work. Everytime I try to unlock a bike I get an error message. It's good for finding stations but that's it. It's not always accurate as to whether the dock is full or empty as it counts broken bikes as being available.,1,4,12.14.4,6/1/19 14:51,,
204,0dabfeef-483a-480d-9a17-3620b3984ecc,A Google user,https://play-lh.googleusercontent.com/EGemoI2NTXmTsBVtJqk8jxF9rh8ApRWfsIMQSt2uE4OcpQqbFu7f7NbTK05lx80nuSijCz7sc3a277R67g,I literally cannot get a bike with this app. It never works.,1,0,12.14.4,5/31/19 21:42,,
205,fdc91e1d-37ab-4e28-813e-618bd9e6b452,A Google user,https://play-lh.googleusercontent.com/EGemoI2NTXmTsBVtJqk8jxF9rh8ApRWfsIMQSt2uE4OcpQqbFu7f7NbTK05lx80nuSijCz7sc3a277R67g,"Installed the app in my hotel room to enter my credit card and prepare for the day. I went to look at the unlocking process, it charged my card even though I didn't unlock a bike. Later when I was actually at a station, I tried to unlock a bike and it didn't work. Instead of charging my card, it wouldn't get past the cvv number. So I still haven't actually gotten to try renting a bike, and haven't been refunded the charge.",1,2,12.14.4,5/28/19 11:36,,
206,f215e409-0378-4c9d-8709-f62eaa49d38a,A Google user,https://play-lh.googleusercontent.com/EGemoI2NTXmTsBVtJqk8jxF9rh8ApRWfsIMQSt2uE4OcpQqbFu7f7NbTK05lx80nuSijCz7sc3a277R67g,"Pretty much repeating what others have said. No functionality. Not one aspect of the app has worked for me since downloaded. Never bought a pass, paid for a ride, unlocked a bike or anything. And readers/kiosks at docks are equally worthless, rendering the system useless.",1,5,12.14.4,5/26/19 11:16,,
207,facf9d33-659b-42f9-a9fc-fed212e738b0,A Google user,https://play-lh.googleusercontent.com/EGemoI2NTXmTsBVtJqk8jxF9rh8ApRWfsIMQSt2uE4OcpQqbFu7f7NbTK05lx80nuSijCz7sc3a277R67g,horrible Location,1,0,,5/25/19 16:57,,
208,5a10bb17-9f17-4f11-b085-c8bb69946c46,A Google user,https://play-lh.googleusercontent.com/EGemoI2NTXmTsBVtJqk8jxF9rh8ApRWfsIMQSt2uE4OcpQqbFu7f7NbTK05lx80nuSijCz7sc3a277R67g,This apps barely works. Almost impossible to get a bike without error messages stopping you,1,0,12.14.4,5/22/19 19:36,,
209,b806b7ac-bde5-4a24-8296-45f0181e3d27,A Google user,https://play-lh.googleusercontent.com/EGemoI2NTXmTsBVtJqk8jxF9rh8ApRWfsIMQSt2uE4OcpQqbFu7f7NbTK05lx80nuSijCz7sc3a277R67g,"worked once done. went to get another bike later and kept giving me error codes, then i couldn't complete a purchase. nothing happened when i pressed ""complete purchase"".",2,1,12.14.4,5/19/19 19:09,,
210,8e69694d-e4b5-438d-b375-40aeef8dde7f,A Google user,https://play-lh.googleusercontent.com/EGemoI2NTXmTsBVtJqk8jxF9rh8ApRWfsIMQSt2uE4OcpQqbFu7f7NbTK05lx80nuSijCz7sc3a277R67g,App is broken to the point you cant pay for a pass (complete purchase button doesn't work) and half the kiosks dont work either so renting a bike can prove impossible,1,1,12.14.4,5/18/19 19:16,,
211,a905bba4-05d7-483e-be21-8b20e8bbb297,A Google user,https://play-lh.googleusercontent.com/EGemoI2NTXmTsBVtJqk8jxF9rh8ApRWfsIMQSt2uE4OcpQqbFu7f7NbTK05lx80nuSijCz7sc3a277R67g,CVV issue. The app thinks CVV should be 4 digits and would not accept my credit card. Also all bike stands were full when I first rode it. Had to find a stand 15 min walk away from my destination.,1,2,12.14.4,5/14/19 11:41,,
212,c0f463c4-fd38-4003-88c7-72543adfe1e4,A Google user,https://play-lh.googleusercontent.com/EGemoI2NTXmTsBVtJqk8jxF9rh8ApRWfsIMQSt2uE4OcpQqbFu7f7NbTK05lx80nuSijCz7sc3a277R67g,app doesn't work,1,0,,5/9/19 18:01,,
213,38b4bbf2-c1f7-4386-95d3-f81bad8dfac0,A Google user,https://play-lh.googleusercontent.com/EGemoI2NTXmTsBVtJqk8jxF9rh8ApRWfsIMQSt2uE4OcpQqbFu7f7NbTK05lx80nuSijCz7sc3a277R67g,wont let me update my credit card info in order to take out a bike. ruined my plans,1,3,12.14.4,5/5/19 23:30,,
214,fa991f96-f9b2-45a0-9977-3e7edae6da08,A Google user,https://play-lh.googleusercontent.com/EGemoI2NTXmTsBVtJqk8jxF9rh8ApRWfsIMQSt2uE4OcpQqbFu7f7NbTK05lx80nuSijCz7sc3a277R67g,"CVV entry when entering payment is beyond messed up. It expects a CVV that MUST be 4 digits long to continue, which is absurd considering most all of them are only 3. No way to pay for anything at this point. Also other reviews saying kuch the same, so sounds like this has been going on for a long time... Also this app seems incapable of letting users click around between stations without exhibiting some mind-numblingly frustrating snap back behaviour. So many things wrong with this app...",1,11,12.14.4,5/5/19 15:01,,
215,71a8d551-fd19-426c-afad-5966a71011e5,A Google user,https://play-lh.googleusercontent.com/EGemoI2NTXmTsBVtJqk8jxF9rh8ApRWfsIMQSt2uE4OcpQqbFu7f7NbTK05lx80nuSijCz7sc3a277R67g,"""complete purchase"" button does nothing",1,4,12.14.4,4/26/19 19:32,,
216,34350192-b414-4484-85b1-cdf9fb9cf194,A Google user,https://play-lh.googleusercontent.com/EGemoI2NTXmTsBVtJqk8jxF9rh8ApRWfsIMQSt2uE4OcpQqbFu7f7NbTK05lx80nuSijCz7sc3a277R67g,"Always malfunctioning, always having to reinstall",1,3,12.13.0,4/24/19 9:20,,
217,418212a9-1f77-44b5-ab08-467cbfa317b7,A Google user,https://play-lh.googleusercontent.com/EGemoI2NTXmTsBVtJqk8jxF9rh8ApRWfsIMQSt2uE4OcpQqbFu7f7NbTK05lx80nuSijCz7sc3a277R67g,Well worth the effort to download to locate a vehicle that can and will save you time and money in addition keeps you better fit for the season.,4,2,12.5.3,4/22/19 13:08,,
218,5e85616a-b068-47bb-b781-97837dcc9cdb,A Google user,https://play-lh.googleusercontent.com/EGemoI2NTXmTsBVtJqk8jxF9rh8ApRWfsIMQSt2uE4OcpQqbFu7f7NbTK05lx80nuSijCz7sc3a277R67g,"I've had the same problem others have reported - can only pay for a pass once, and then the payment interface won't let me complete another transaction. total junk.",1,5,12.13.0,4/18/19 22:32,,
219,6fcfcfdc-0f6f-42e8-972f-6232f7ec9b15,A Google user,https://play-lh.googleusercontent.com/EGemoI2NTXmTsBVtJqk8jxF9rh8ApRWfsIMQSt2uE4OcpQqbFu7f7NbTK05lx80nuSijCz7sc3a277R67g,"I used to be able to buy passes in this app, but the complete purchase button has been broken and grayed out for 6 months. I've submitted multiple bug reports, but it still hasn't been fixed. Disappointing.",1,5,12.13.0,4/17/19 10:02,,
220,d1341f18-606c-44f7-9294-789deaf42471,A Google user,https://play-lh.googleusercontent.com/EGemoI2NTXmTsBVtJqk8jxF9rh8ApRWfsIMQSt2uE4OcpQqbFu7f7NbTK05lx80nuSijCz7sc3a277R67g,"Doesn't work, can't complete a purchase",1,2,12.13.0,4/16/19 18:52,,
221,4d0b3cdb-88fb-42ad-8d83-128bcb2a9e1c,A Google user,https://play-lh.googleusercontent.com/EGemoI2NTXmTsBVtJqk8jxF9rh8ApRWfsIMQSt2uE4OcpQqbFu7f7NbTK05lx80nuSijCz7sc3a277R67g,the app wouldn't allow me to unlock another bike after first use.,2,1,12.13.0,4/9/19 16:27,,
222,2d735036-c020-4999-b964-978cf6bcca27,A Google user,https://play-lh.googleusercontent.com/EGemoI2NTXmTsBVtJqk8jxF9rh8ApRWfsIMQSt2uE4OcpQqbFu7f7NbTK05lx80nuSijCz7sc3a277R67g,"This is probably the worst app on Play store, not sure how did it pass the QA and UAT",1,2,12.13.0,4/8/19 21:29,,
223,f7d3bad4-7a50-4e55-9483-ed1175bce6ab,A Google user,https://play-lh.googleusercontent.com/EGemoI2NTXmTsBVtJqk8jxF9rh8ApRWfsIMQSt2uE4OcpQqbFu7f7NbTK05lx80nuSijCz7sc3a277R67g,App doesn't work. Charged my card initially but pass doesn't appear. Can't buy another pass as it wont take the CVV. It is expecting the wrong number of digits!,1,7,12.13.0,4/7/19 14:17,,
224,0f0e977a-f0c2-4619-99b2-a070c9762004,A Google user,https://play-lh.googleusercontent.com/EGemoI2NTXmTsBVtJqk8jxF9rh8ApRWfsIMQSt2uE4OcpQqbFu7f7NbTK05lx80nuSijCz7sc3a277R67g,"This app is shockingly buggy. Payments, what should be the most important feature, work once and then never again. The map defaults to an area without any statuons. I can't believe this is available to the public.",1,2,,4/6/19 19:13,,
225,ad2aa4e9-d5a7-4881-a7df-22672e0b5665,A Google user,https://play-lh.googleusercontent.com/EGemoI2NTXmTsBVtJqk8jxF9rh8ApRWfsIMQSt2uE4OcpQqbFu7f7NbTK05lx80nuSijCz7sc3a277R67g,awful,1,0,,4/6/19 13:03,,
226,058b761d-3a20-40ba-a390-98fcc610ae27,A Google user,https://play-lh.googleusercontent.com/EGemoI2NTXmTsBVtJqk8jxF9rh8ApRWfsIMQSt2uE4OcpQqbFu7f7NbTK05lx80nuSijCz7sc3a277R67g,Buggy app starts at random spot on south side and you cant always see street names on the map.,3,3,12.13.0,4/5/19 18:05,,
227,7786dc9f-594a-4f00-bb4f-a59eeaa9ad61,A Google user,https://play-lh.googleusercontent.com/EGemoI2NTXmTsBVtJqk8jxF9rh8ApRWfsIMQSt2uE4OcpQqbFu7f7NbTK05lx80nuSijCz7sc3a277R67g,"I was able to buy a pass to ride ONCE. Every other time, as countless other reviews have said, the ""Complete Purchase"" button won't become available to click. Customer service was completely unhelpful, telling me to email over a screenshot and the developers would look into it, as if they aren't already aware. To top it all off, I still haven't found a single card reader on one of the docks that works, so you literally have no way to get a bike out. A great idea with terrible execution.",1,22,12.13.0,3/26/19 6:57,,
228,b1c8f73a-980f-4bca-84e9-605f888f89fe,A Google user,https://play-lh.googleusercontent.com/EGemoI2NTXmTsBVtJqk8jxF9rh8ApRWfsIMQSt2uE4OcpQqbFu7f7NbTK05lx80nuSijCz7sc3a277R67g,wont let me make a payment. button is grayed out,1,3,12.13.0,3/23/19 15:51,,
229,2429700b-8c76-4548-8dde-a38f5fbd7d36,A Google user,https://play-lh.googleusercontent.com/EGemoI2NTXmTsBVtJqk8jxF9rh8ApRWfsIMQSt2uE4OcpQqbFu7f7NbTK05lx80nuSijCz7sc3a277R67g,"Unlocking bikes at the station is fast and convenient with the key fob. The map showing availability of bikes is very useful, but isn't always up to date. Major downside is limited availability of bikes at certain times and certain stations, especially around rush hour.",4,0,12.13.0,3/16/19 23:55,,
230,1bcf9322-6214-4248-b6bd-cd891137ac27,A Google user,https://play-lh.googleusercontent.com/EGemoI2NTXmTsBVtJqk8jxF9rh8ApRWfsIMQSt2uE4OcpQqbFu7f7NbTK05lx80nuSijCz7sc3a277R67g,This app sucks. It won't allow me to use my debit card. I called customer service and they asked me if it was a gift card (It's not) because the app recognized it as a gift card. The frustrating part is that it worked beautifully until a few months ago. On top of that the kiosks are pretty terrible with unresponsive touch screens. The convenience factor was a big selling point for me but after dealing with this issue I'm just going to buy my own bike.,1,6,12.13.0,3/14/19 9:28,,
231,234b75f5-2610-4afd-873b-168c9aac5d69,A Google user,https://play-lh.googleusercontent.com/EGemoI2NTXmTsBVtJqk8jxF9rh8ApRWfsIMQSt2uE4OcpQqbFu7f7NbTK05lx80nuSijCz7sc3a277R67g,I tried to use this and the code didn't work on the bike so I just took a cab... still charged me 3 dollars tho. thats cool IG,1,2,12.9.2,1/15/19 19:48,,
232,712c26cd-1cd3-4a20-8ab9-fca9434fc44e,A Google user,https://play-lh.googleusercontent.com/EGemoI2NTXmTsBVtJqk8jxF9rh8ApRWfsIMQSt2uE4OcpQqbFu7f7NbTK05lx80nuSijCz7sc3a277R67g,Worst shet ever. never use it.,1,0,12.9.2,1/3/19 16:50,,
233,ffefda7a-da50-4ad0-ad7b-d32b82bddaa9,A Google user,https://play-lh.googleusercontent.com/EGemoI2NTXmTsBVtJqk8jxF9rh8ApRWfsIMQSt2uE4OcpQqbFu7f7NbTK05lx80nuSijCz7sc3a277R67g,"Pretty good app, though the ""Your Last Ride"" feature doesn't appear to work.",4,3,12.8.1,12/8/18 10:15,,
234,18523989-8a9e-4819-ab29-1bdf6c0dba89,A Google user,https://play-lh.googleusercontent.com/EGemoI2NTXmTsBVtJqk8jxF9rh8ApRWfsIMQSt2uE4OcpQqbFu7f7NbTK05lx80nuSijCz7sc3a277R67g,"""something went wrong please try again later""",1,0,,10/29/18 9:31,,
235,5689b263-4277-4841-b068-c818c2551530,A Google user,https://play-lh.googleusercontent.com/EGemoI2NTXmTsBVtJqk8jxF9rh8ApRWfsIMQSt2uE4OcpQqbFu7f7NbTK05lx80nuSijCz7sc3a277R67g,Unlocking a bike doesn't work,2,4,12.4.0,10/16/18 17:19,,
236,40815b32-bbbf-44b9-bd80-bff3c6d6f7d3,A Google user,https://play-lh.googleusercontent.com/EGemoI2NTXmTsBVtJqk8jxF9rh8ApRWfsIMQSt2uE4OcpQqbFu7f7NbTK05lx80nuSijCz7sc3a277R67g,Doesn't work. Samsung s9,1,0,,10/15/18 9:08,,
237,b7d4a57c-a56d-45de-ba4f-f21d33b67de3,A Google user,https://play-lh.googleusercontent.com/EGemoI2NTXmTsBVtJqk8jxF9rh8ApRWfsIMQSt2uE4OcpQqbFu7f7NbTK05lx80nuSijCz7sc3a277R67g,"Rubbish, one year pass only, same with website. Machines don't read credit cards Had to go to bike hire shop Not happy",1,4,12.4.0,10/12/18 16:30,,
238,ae5f0973-0fe5-40dd-a294-3ac27cba0fe5,A Google user,https://play-lh.googleusercontent.com/EGemoI2NTXmTsBVtJqk8jxF9rh8ApRWfsIMQSt2uE4OcpQqbFu7f7NbTK05lx80nuSijCz7sc3a277R67g,"The Android app works for me about 10% of the time. I select ""unlock a bike"" and then I get an error telling me there was a problem, with no further details. I almost always have to resort to using a physical credit card.",2,4,12.3.0,9/29/18 10:22,,
239,48da8faf-f6c6-4f3f-8173-28dc761fb4b4,A Google user,https://play-lh.googleusercontent.com/EGemoI2NTXmTsBVtJqk8jxF9rh8ApRWfsIMQSt2uE4OcpQqbFu7f7NbTK05lx80nuSijCz7sc3a277R67g,"I've tried this app two different days and it has failed miserably both days. The first day I was able to use it not long after I downloaded it, although I had to attempt more than 5 times before receiving an unlocking code (I was just about to give up). The return trip for this day is when it truly became useless because I was never able to get an undocking code again; I tried for 45 minutes from multiple locations however no code provided. I ended up walking home rather than using some other form of transportation to walk off my disgust. This admittedly was probably a high usage day as it was Saturday of the Air and Water Show. But then I tried it on an early, slow, leisurely Sunday morning over a month later and still I was unable to obtain an unlocking code due to some ""error."" I would advise against this app.",1,3,12.1.3,9/10/18 22:28,,
240,55f98a09-7e01-413c-941b-92cbec89cd4f,A Google user,https://play-lh.googleusercontent.com/EGemoI2NTXmTsBVtJqk8jxF9rh8ApRWfsIMQSt2uE4OcpQqbFu7f7NbTK05lx80nuSijCz7sc3a277R67g,"App is not finished. There's a ""Favorites"" button, but it doesn't work. Meh.",2,1,12.1.3,9/7/18 19:43,,
241,9df08ecf-34fe-4420-9341-e6dee196c6c3,A Google user,https://play-lh.googleusercontent.com/EGemoI2NTXmTsBVtJqk8jxF9rh8ApRWfsIMQSt2uE4OcpQqbFu7f7NbTK05lx80nuSijCz7sc3a277R67g,Got multiple error messages when I tried to get a bike pin.,1,0,12.1.1,9/6/18 17:49,,
242,ea6be084-2bf2-47ad-81f7-bef36f232c44,A Google user,https://play-lh.googleusercontent.com/EGemoI2NTXmTsBVtJqk8jxF9rh8ApRWfsIMQSt2uE4OcpQqbFu7f7NbTK05lx80nuSijCz7sc3a277R67g,"This app gives several error messages that prevent you from using the bikes after you pay. Additionally, purchases on the app do not carry over to the kiosks (which would be useful when the app crashes). To top it off, the kiosks are not in good working order and the bikes themselves are not maintained well. The handle grips of one bike actually disintegrated in my hands and left me very messy.",1,0,12.1.1,9/4/18 23:26,,
243,30c9036d-6e3d-4a2b-af4c-6ace570f17ab,A Google user,https://play-lh.googleusercontent.com/EGemoI2NTXmTsBVtJqk8jxF9rh8ApRWfsIMQSt2uE4OcpQqbFu7f7NbTK05lx80nuSijCz7sc3a277R67g,"App is trash! Constantly said I didn't have internet service when other apps worked just fine. And the kiosk was something from the stone age, with a dated touch pad service.",1,0,,9/3/18 0:20,,
244,001d0e57-4ad1-4392-904b-ff8859cfca34,A Google user,https://play-lh.googleusercontent.com/EGemoI2NTXmTsBVtJqk8jxF9rh8ApRWfsIMQSt2uE4OcpQqbFu7f7NbTK05lx80nuSijCz7sc3a277R67g,Free day was 7 21 18. The app didn't calculate any of my trips data. I also hear there one on 9 9 18...is it true?,3,1,11.5.1,9/2/18 10:43,,
245,3b80d4bb-d4f0-48c7-87e4-fa57255a31c6,A Google user,https://play-lh.googleusercontent.com/EGemoI2NTXmTsBVtJqk8jxF9rh8ApRWfsIMQSt2uE4OcpQqbFu7f7NbTK05lx80nuSijCz7sc3a277R67g,"App doesn't work. Like every other rating says, when trying to unlock a bike it says ""something went wrong"". I've talked to customer service and they said nothing is wrong and are pretending there is no issue. Also if you try to use the kiosk, the touch screens are always broken. Such a shame this company doesn't care about fixing these issues.",1,0,12.1.1,8/31/18 9:29,,
246,fa9cd1ea-c8c3-4088-a5d2-b71c05e63a3b,A Google user,https://play-lh.googleusercontent.com/EGemoI2NTXmTsBVtJqk8jxF9rh8ApRWfsIMQSt2uE4OcpQqbFu7f7NbTK05lx80nuSijCz7sc3a277R67g,"Doesn't work, always says something went wrong.",1,1,12.1.1,8/30/18 18:27,,
247,74ce7a83-d2d1-475b-9fcc-02dd88afe3a2,A Google user,https://play-lh.googleusercontent.com/EGemoI2NTXmTsBVtJqk8jxF9rh8ApRWfsIMQSt2uE4OcpQqbFu7f7NbTK05lx80nuSijCz7sc3a277R67g,"First time try to get a bike, a lot of screen was go white hard to see to rent a bike",2,2,12.0.1,8/26/18 16:16,,
248,1e95b22a-b530-417e-9e93-32ad14b469bb,A Google user,https://play-lh.googleusercontent.com/EGemoI2NTXmTsBVtJqk8jxF9rh8ApRWfsIMQSt2uE4OcpQqbFu7f7NbTK05lx80nuSijCz7sc3a277R67g,"I've been a divvy key member for years. I downloaded the app to unlock or 
reserve a bike at my busy station. This app can't do any of this. There are 
no options except maps. I coulnt even get a day pass to ride with a friend. 
No ride stats. Useless",2,1,11.6.2,8/12/18 18:20,,
249,c0f76e83-faba-45b4-931a-9b96dc5c07d0,A Google user,https://play-lh.googleusercontent.com/EGemoI2NTXmTsBVtJqk8jxF9rh8ApRWfsIMQSt2uE4OcpQqbFu7f7NbTK05lx80nuSijCz7sc3a277R67g,"This app often glitches when I try to unlock a bike, and it says ""We're 
sorry. Something went wrong. Please try again."" I have been left stranded 
whenever this happens.",1,1,11.6.2,8/11/18 17:55,,
250,6ba1780c-bbda-4f79-a9b5-0312b9aac7a9,A Google user,https://play-lh.googleusercontent.com/EGemoI2NTXmTsBVtJqk8jxF9rh8ApRWfsIMQSt2uE4OcpQqbFu7f7NbTK05lx80nuSijCz7sc3a277R67g,"Does not accurately report trip time data, which means I don't know if I'm 
being charged correctly until I look at my credit card statement. It 
reported my trip was 6 hours when it was 1 hour. I was charged for 1/2 hour 
so who knows what is up. I'd be way more annoyed if I was charged for 6, 
but it's stupid anyway and the company is shooting themselves in the foot. 
I'm very glad I don't have to use this regularly. Uninstalled.",2,4,11.5.1,7/29/18 14:08,,
251,362555d4-565f-411b-8d62-1f858925f94d,A Google user,https://play-lh.googleusercontent.com/EGemoI2NTXmTsBVtJqk8jxF9rh8ApRWfsIMQSt2uE4OcpQqbFu7f7NbTK05lx80nuSijCz7sc3a277R67g,"This app is useless besides the ability to unlock bikes from stations. It's 
a shame that this is Divvy's official app. Chicago bikes is a better app.",2,1,11.5.1,7/24/18 17:06,,
252,ca1a4df8-eeac-4c53-8c87-ed1ecd7b141f,A Google user,https://play-lh.googleusercontent.com/EGemoI2NTXmTsBVtJqk8jxF9rh8ApRWfsIMQSt2uE4OcpQqbFu7f7NbTK05lx80nuSijCz7sc3a277R67g,There is no information about ones account.,1,2,11.5.1,7/18/18 19:44,,
253,4e41ea5e-29f1-4292-812b-dfa244c8a8e1,A Google user,https://play-lh.googleusercontent.com/EGemoI2NTXmTsBVtJqk8jxF9rh8ApRWfsIMQSt2uE4OcpQqbFu7f7NbTK05lx80nuSijCz7sc3a277R67g,"Straight up doesn't work. Worked the first time I used it now every single 
time after that (9 or 10) it says we're experiencing technical difficulties 
please try again. Tried uninstalling, making a new account, nothing will 
get this to work. So frustrating, don't count on this app to get you 
anywhere",1,2,11.4.0,7/16/18 12:14,,
254,1ecda05d-a148-4f16-8642-c2083e9375f3,A Google user,https://play-lh.googleusercontent.com/EGemoI2NTXmTsBVtJqk8jxF9rh8ApRWfsIMQSt2uE4OcpQqbFu7f7NbTK05lx80nuSijCz7sc3a277R67g,"Majority of bike codes do not work at first. User has to wait 5 minutes 
before app will generate a new code. Extremely frustrating when in a hurry 
to work. Please reduce the timeout to 1 minute.",2,1,11.4.0,7/12/18 23:05,,
255,e510dc94-8f5f-4534-b802-254600e9f663,A Google user,https://play-lh.googleusercontent.com/EGemoI2NTXmTsBVtJqk8jxF9rh8ApRWfsIMQSt2uE4OcpQqbFu7f7NbTK05lx80nuSijCz7sc3a277R67g,"The icons don't accurately depict the number of bikes/docks available. 
(Cyclefinder was MUCH better at this until the recent update.) Stats don't 
show as well, even when logged in. Needs a lot of improvement. Until then 
I'll keep using Cyclefinder and Transit.",2,1,11.3.2,6/27/18 17:36,,
256,ac5d9da0-d639-451b-803a-3822a899edbf,A Google user,https://play-lh.googleusercontent.com/EGemoI2NTXmTsBVtJqk8jxF9rh8ApRWfsIMQSt2uE4OcpQqbFu7f7NbTK05lx80nuSijCz7sc3a277R67g,"It works smoothly for buying a day pass and renting bikes. It does not show 
the current duration of my current ride. This seems like important info - 
am I getting close to my three hours? It shows stats for my last ride as 
blank though I've taken several rides.",3,2,11.2.0,6/16/18 23:35,,
257,5d850152-482b-4220-bea3-6638e1c957c3,A Google user,https://play-lh.googleusercontent.com/EGemoI2NTXmTsBVtJqk8jxF9rh8ApRWfsIMQSt2uE4OcpQqbFu7f7NbTK05lx80nuSijCz7sc3a277R67g,"This app is pointless, I only downloaded it because Divvy removed the bike code feature from the Transit app. The directions are wrong and showed the wrong location for every address I typed in. Might be worth it if they allowed you to add extra time for full stations using the app, but this is missing too. Put bike codes back in Transit!!!",1,3,11.2.0,6/13/18 16:52,,
258,fd313427-0efe-46be-bf41-de891583d15a,A Google user,https://play-lh.googleusercontent.com/EGemoI2NTXmTsBVtJqk8jxF9rh8ApRWfsIMQSt2uE4OcpQqbFu7f7NbTK05lx80nuSijCz7sc3a277R67g,Was waiting for an official divvy app from a long time.,5,3,11.2.0,6/7/18 10:19,,
259,c1ebb414-4f55-4a1c-9f36-79c44feaf3d8,A Google user,https://play-lh.googleusercontent.com/EGemoI2NTXmTsBVtJqk8jxF9rh8ApRWfsIMQSt2uE4OcpQqbFu7f7NbTK05lx80nuSijCz7sc3a277R67g,"App contains ads, some stations have branding (currently for food for 
instance) and the app shows these ads even for logged in members. This 
isn't disclosed before you install per Google Play store disclosure 
requirements. Either remove the ads or add the disclosure.",2,4,11.1.0,6/4/18 2:34,,
260,7d18bd1f-a11c-42af-a959-860ea3e6f9ca,A Google user,https://play-lh.googleusercontent.com/EGemoI2NTXmTsBVtJqk8jxF9rh8ApRWfsIMQSt2uE4OcpQqbFu7f7NbTK05lx80nuSijCz7sc3a277R67g,App doesn't work. Says try again later.,1,5,11.1.1,6/3/18 15:48,"Hey Ryan,

This sounds frustrating. What precisely are you attempting to do when getting this message? Are you able to send us over screenshots to app@divvybikes.com. We'd love to get you a working app! Thank you!

Cheers,
Jake & The Divvy Bikes App Team",6/11/18 14:04
261,5bfb5f9a-f6e6-4379-a613-7293f3b1ee00,A Google user,https://play-lh.googleusercontent.com/EGemoI2NTXmTsBVtJqk8jxF9rh8ApRWfsIMQSt2uE4OcpQqbFu7f7NbTK05lx80nuSijCz7sc3a277R67g,Lots of broken or missing features,2,2,11.1.0,6/1/18 11:56,"Hey Anthony,

We're really sorry to hear this! What specific features are missing or broken? We're excited to have a new app for you and want it to work as you expect it to. You can reply here or shoot us an email at app@divvybikes.com. Thank you!

Cheers,
Jake & The Divvy Bikes App Team",6/11/18 14:02
262,f36e1608-d41b-48e4-bc61-6d84618be701,A Google user,https://play-lh.googleusercontent.com/EGemoI2NTXmTsBVtJqk8jxF9rh8ApRWfsIMQSt2uE4OcpQqbFu7f7NbTK05lx80nuSijCz7sc3a277R67g,"I like the ride time feature and the idea of the directions, and it does 
direct you to the closest dock which is something I've always wanted when 
getting directions from Google, but the overall execution is lacking. The 
destination search often fails to find where I want to go and the 
directions are often pretty terrible. One time it directed me to take the 
bike down some stairs, another had me going around the block instead of 
just going straight down the street.",3,3,11.1.0,5/29/18 18:05,,
263,6ad2adb7-5627-44f1-a2d1-59a1e39d81e1,A Google user,https://play-lh.googleusercontent.com/EGemoI2NTXmTsBVtJqk8jxF9rh8ApRWfsIMQSt2uE4OcpQqbFu7f7NbTK05lx80nuSijCz7sc3a277R67g,"Can't create account without buying a pass. If you already have a pass via 
kiosk, but kiosk no longer works, too can't use app to bypass and unlock. 
You have to buy new pass.",1,1,11.1.0,5/27/18 23:33,,
264,b4871b1e-4849-4c9b-bf88-dc6645e87b7c,A Google user,https://play-lh.googleusercontent.com/EGemoI2NTXmTsBVtJqk8jxF9rh8ApRWfsIMQSt2uE4OcpQqbFu7f7NbTK05lx80nuSijCz7sc3a277R67g,"It needs to let you save favorite stations. I most frequently check what's 
available at the stations near the Metra stations while I'm still on the 
train. Having it totally location based is not useful.",3,4,11.0.0,5/21/18 23:07,,
265,6dcb53e2-0d1a-4466-a1f6-ab4b0a70912d,A Google user,https://play-lh.googleusercontent.com/EGemoI2NTXmTsBVtJqk8jxF9rh8ApRWfsIMQSt2uE4OcpQqbFu7f7NbTK05lx80nuSijCz7sc3a277R67g,Would like to be able to save frequently used locations like transit app.,3,2,11.0.0,5/21/18 22:48,,
266,8d6cdd4b-c45f-41fe-83b3-522b1e315993,A Google user,https://play-lh.googleusercontent.com/EGemoI2NTXmTsBVtJqk8jxF9rh8ApRWfsIMQSt2uE4OcpQqbFu7f7NbTK05lx80nuSijCz7sc3a277R67g,"User should be able to look at the available docks and bikes without 
logging in. Transit app implementation is better. Please consider this 
approach.",3,4,11.0.0,5/21/18 14:55,,